cod,local,Nome,Especialidade,crm,rqe
pro_gs_0001,Viver Centro de Saúde,Gabriel Cristians,Clinica Geral,CRM PA 20573,
pro_gs_0002,Laboratório Central de Altamira,Gabriel da Costa Soares,Clinica Geral,CRM PA 16420,
pro_gs_0003,Maxxi Saúde,Bruno Alencar Noleto,Clinica Geral,CRM 15202,
pro_gs_0004,Clinica da Família,Pedro Paulo,Clinica Geral,,
pro_gs_0005,Clinica da Família,Fábio Santos Drosdoski,Cirurgia Geral/ Urologia,CRM 7839,
pro_gs_0006,Clinica da Família,Karol Sotelo,Cirurgia Geral/Proctologia,CRM SP 195396,RQE 106473
pro_gs_0007,Clinica da Família,Denysson Faria,Cirurgia Geral/ Gastroenterologista,CRM PA 7962,
pro_gs_0008,Clinica da Família,Alberto dos Reis Costa Junior,Dermatologia,CRM 9954,
pro_gs_0009,Clinica da Família,Osvaldo,Neurologia,CRM 13367,RQE 9956
pro_gs_0010,Clinica da Família,Fabio Luiz Estrela Bessa,Ortopedia/Traumatologia,CRM 10768,
pro_gs_0011,Evoluir Centro Médico,Renata Lorenzoni,Pediatria,,
pro_gs_0012,OroGastro Saúde,Diana Sato,Pediatria,,
pro_gs_0013,Maxxi Saúde,Juliana Marques Neves,Pediatria,CRM 6296,RQE 8797
pro_gs_0014,Simboli centro médico,Yasmin Melo Santana,Ginecologista,,
pro_gs_0015,Clinica da Família,Ana Catarina Vargens,Ginecologia,CRM 12016,
pro_gs_0016,Policlinica Aso,Tamara Viterbino,Cardiologia,,
pro_gs_0017,Laboclin,Patrick Lobato,Cardiologia,CRM PA 11113,
pro_gs_0018,MaxxiSaúde,Angela Cristhina Magalhaes de Araujo Lein,Cardiologia,,
pro_gs_0019,Maxxi Saúde,Anísio Fernando Chaves,Radiologia,RQE 6391,
pro_gs_0020,Viver Centro de Saúde,Leonardo Xavier,Oftalmologia,,
pro_gs_0021,Viver Centro de Saúde,Tássio Xavier,Oftalmologia,,
pro_gs_0022,Viver Centro de Saúde,Odilton Amaral,Pneumologista,CRM PA 7865,RQE 3726
pro_gs_0023,Viver Centro de Saúde,Claudio Neves,Dermatologista,CRM 13400,
pro_gs_0024,Viver Centro de Saúde,Sibelly Oliveira,Dermatologista,CRM 20051,
pro_gs_0025,Viver Centro de Saúde,Andressa Fistarol,Dermatologista,CRM PA 12474,
pro_gs_0026,Pilar Clínica,Renata de Carvalho Lourenço,Psiquiatria,,
pro_gs_0027,Pilar Clínica,Bruna de Souza Faustino,Endocrinologia,,
pro_gs_0028,Pilar Clínica,Leonardo de Oliveira Rodrigues da Silva,Nefrologia,,
pro_gs_0029,Pilar Clínica,Mario Cesar Pulcherio Franco Netto,Cirurgião Vascular,,
pro_gs_0030,Pilar Clínica,Pedro Henrique Silva Catanhede,Enfermeiro,,
pro_gs_0031,Pilar Clínica,Renan Rocha Granato,Cirurgião Vascular,,
pro_gs_0032,Pilar Clínica,Viviany Cunha,Nutricionista,,
pro_gs_0033,Pilar Clínica,Shirlane Almeida,Psicologia,,
pro_gs_0034,Clinica da Família,Eliandra,Psicologia,CPR 10/07151,
pro_gs_0035,Clinica da Família,Jaqueline,Nutricionista,CRN 13392,
pro_gs_0036,CDC Saúde,André Maia,Cardiologia,CRM PA 13838,RQE 7992
pro_gs_0037,CDC Saúde,Alisson Brandão,Infectologista,CRM PA 10802,RQE 5879
pro_gs_0038,CDC Saúde,Osvaldo Oliveira,Neuropediatra,CRM PA 13367,RQE 9956
pro_gs_0039,CDC Saúde,Bruno Pereira Dias,Ortopedia,CRM PA 12347 ,RQE 8955
pro_gs_0040,CDC Saúde,José Antônio,Neurologia,CRM PA 11733,RQE 6818
pro_gs_0041,CDC Saúde,André Brandão,Otorrinolaringologia,CRM PA 12275,RQE 7472
pro_gs_0042,CDC Saúde,Cindy Covre,Alergologia,CRM PA 19985,
pro_gs_0043,ClinVida,Artemízia,Clínica Geral,,
pro_gs_0044,ClinVida,Jéssica Moreira,Terapeuta Emocional,,
pro_gs_0045,ClinVida,Diana Pavão,Enfermeira Integrativa,,
pro_gs_0046,ClinVida,Jenifer Kandace,Fisioterapeuta,CREFITO 408636-f,
pro_gs_0047,ClinVida,Eliana Ladislau,Terapeuta ,,
pro_gs_0048,ClinVida,Yara Lima,Enfermeira,COREN PA 964761,
pro_gs_0049,ClinVida,Léia Menezes,Massoterapeuta,,
pro_gs_0050,Clínica Ideally,Marielli Batalha,Cirurgião Dentista,CRO PA 3406,
pro_gs_0051,Clínica Ideally,Grazielle Gonçalves,Fisioterapeuta,CREFITO 86438-f,
pro_gs_0052,Clínica Ideally,João Paulo Aguiar,Cirurgião Dentista,CRO PA 9360,
pro_gs_0053,Clínica Ideally,Micaeli Bergamin,Clínica Geral,CRM PA 12452,
pro_gs_0054,Clínica Ideally,Talitha Biagiani,Cirurgião Dentista,CRO 4603,
pro_gs_0055,Clínica Ideally,Robson Stelmastchuk,Cirurgião Plástico,CRM 7398,
pro_gs_0056,Policlínica ASO,Patricia Gomes Mai,Otorrinolaringologista,,
pro_gs_0057,Policlínica ASO,Priscilla Bellard,Psicóloga,CRP 10/02461,
pro_gs_0058,Policlínica ASO,Maxsuel,Cardiologista,,
pro_gs_0059,Policlínica ASO,Patryck,Ginecologista,,
pro_gs_0060,Policlínica ASO,Alceo Maia,Urologista,CRM 22552,RQE 11091
pro_gs_0061,Policlínica ASO,Jaqueline Albuquerque,Nutricionista,,
pro_gs_0062,Policlínica ASO,Guilherme Lima Gomes,Dermatologista,CRM 10374,
pro_gs_0063,Policlínica ASO,Tâmara Viterbino,Cardiologista,,
pro_gs_0064,Policlínica ASO,Jaqueline Albuquerque,Nutricionista,CRN 13392,
pro_gs_0065,Policlínica ASO,Weyvida Guimarães,Nutricionista,CRN 13638,
pro_gs_0066,Clínica do Coração,Evellyn Loureiro,Ginecologista,CRM 17929/PA,
pro_gs_0067,Clínica do Coração,Fábio Santos Drosdoski,Urologista,CRM 7839/PA,
pro_gs_0068,Clínica do Coração,Emanuelle Rodrigues,Reumatologista,CRM 16153/PA,
pro_gs_0069,Clínica do Coração,Luana Gonçalves,Clínica Geral,CRM 20890/PA,
pro_gs_0070,Clínica do Coração,Lorena Melo,Pneumologista,CRM 14424,RQE 9473
pro_gs_0071,Clínica do Coração,Alyne de Oliveira,Neuropsicopedagoga,CBO 2394-40/2394-25,
pro_gs_0072,Clínica do Coração,Kassandra Renê,Periodontista e Estematologista,CRO 3580,
pro_gs_0073,Clínica do Coração,Antônio Pantoja,Cardiologista,,
pro_gs_0074,Clínica do Coração,Eduardo dos Anjos,Nefrologista,,
pro_gs_0075,Clínica do Coração,Allan Herbert,Cirurgião Bariátrico,,
pro_gs_0076,Clínica do Coração,Edson Almeida,Fisioterapeuta,,
pro_gs_0077,Laboclin,Bruno Noleto,Cirurgião Geral,CRM PA 15202,RQE 10746
pro_gs_0078,Laboclin,Teófilo Claro,Neurocirurgião,CRM 15536,RQE 10180
pro_gs_0079,Laboclin,Lais Pimentel,Hematologista,CRM PA 16319,RQE 10126/10177
pro_gs_0080,Laboclin,Ana Carla Lima,Ginecologista,CRM 8318,
pro_gs_0081,Laboclin,Sidney Zoghbi,Urologista,CRM 11836,RQE 6890
pro_gs_0082,Laboclin,Vinícius Siqueira,Dermatologista,CRM 12237,RQE 9041
pro_gs_0083,Laboclin,Cesar Barcelos,Ortopedista,CRM PA 15642,
pro_gs_0084,Laboclin,Maria Eduarda,Fisioterapeuta,CREFITO PA 6197,
pro_gs_0085,Diagmed,Andressa Fistarol,Dermatologia,CRM PA 12474,
pro_gs_0086,Diagmed,Haila Frugone,Psicologia,CRP-10/10741,
pro_gs_0087,Diagmed,Aline Paula Freitas,Psicologia,CRP-10/07804,
pro_gs_0088,Diagmed,Hudson Fernandes Barile,Cirurgia Geral,CRM PA 11193,RQE 5493
pro_gs_0089,Diagmed,Bianca Frugone,Psiquiatria,CRM PA 16089,*Especialização em Psiquiatria
pro_gs_0090,Diagmed,Mario Franco,Cirurgia Vascular,CRM PA 8843 ,RQE 4441
pro_gs_0091,Diagmed,Ingrid Santos,Neuropediatria,CRM 19659,
pro_gs_0092,Diagmed,Sandro da Silva,Clínica Geral,CRM PA 22104,
pro_gs_0093,Diagmed,Guilherme Cesar Possimoser,Ortopedia,CRM PA 12612,RQE 116100
pro_gs_0094,Diagmed,Rogério Campos,Ortopedia,CRM PA 11273,RQE 5463
pro_gs_0095,Diagmed,Viviane Wosny,Anestesiologia,CRM PA 9061,RQE 2785
pro_gs_0096,Diagmed,Lorena Melo,Pneumologista,CRM PA 14424,RQE 9473
pro_gs_0097,Diagmed,Jackley Serodio,Ginecologista,CRM PA 12446,
pro_gs_0098,Diagmed,Carlos Barreneche,Ginecologista,CRM PA 9902,
pro_gs_0099,Diagmed,Ozeias Sousa,Ginecologia/Mastologia,RQE 6845,RQE 8031
pro_gs_0100,Diagmed,Vinícius Martins,Ginecologia,CRM PA 6828,
pro_gs_0101,Diagmed,Laercio Alberto,Neurologia,CRM PA 9251,RQE 11453
pro_gs_0102,Diagmed,Wagner Lucena,Radiologia,CRM PA 8431,
pro_gs_0103,Diagmed,Márcia Duarte,Ultrassonografia,CRM PA 11279,*Especialização em Ultrassonografia
pro_gs_0104,Humani Clinica Especializada,Carlos Rangel,Ortopedia/Traumatologia,CRM PA 10739,RQE 8273/8376
pro_gs_0105,Humani Clinica Especializada,Bruno Rafael,Clínica Geral,CRM PA 20003,
pro_gs_0106,Clínica Cemear Saúde,Eduardo Capatti,Urologista,CRM PA 8090,
pro_gs_0107,Clínica Cemear Saúde,Eduardo Capatti,Cirurgia Geral,CRM PA 8090,
pro_gs_0108,Clínica Orogastro Saúde,Jean Carlo,Cirurgia Geral,CRM PA 6107,RQE 3946/7005
pro_gs_0109,Clínica Orogastro Saúde,Simone Moreschi,Enfermagem,COREN 166797/PA,
pro_gs_0110,Clínica Orogastro Saúde,Cynthia Antunes,Fisioterapia,,
pro_gs_0111,Clínica Orogastro Saúde,Nayana Mengoni,Fonoaudiologia,CRFa 90039,
pro_gs_0112,Clínica Orogastro Saúde,Stephanie Araújo,Nutrição,,
pro_gs_0113,Clínica Orogastro Saúde,Diana Sato,Pediatria,CRM PA 10304,RQE 3425
pro_gs_0114,Evoluir Centro Médico,Lorena Lorenzoni,Psiquiatria,CRM PA 12032,RQE 6456
pro_gs_0115,Evoluir Centro Médico,Gabriel Lorenzoni,Cirurgia Vascular,CRM PA 22415,RQE 11019
pro_gs_0116,Evoluir Centro Médico,Renata Lorenzoni,Pediatria,CRM 14263,RQE 5911
pro_gs_0117,Evoluir Centro Médico,Kennedy Linhares,Neurologia,CRM 13362,RQE 9741
pro_gs_0118,Evoluir Centro Médico,Tamara Oliveira,Fisioterapía,CREFITO 222933,
pro_gs_0119,Evoluir Centro Médico,Alanny Celerino,Psicologia,CRP 10/04832 PA,
pro_gs_0120,Evoluir Centro Médico,Elda Oliveira,Enfermagem,COREN 603376 PA,
pro_gs_0121,Evoluir Centro Médico,Ana Karoline,Fonoaudiologia,CRF 11273-5 PA,
pro_gs_0122,Evoluir Centro Médico,Valdilene Bento ,Psicologia,CRP 10/10675,
pro_gs_0123,Simboli Centro Médico,Yane Melo,Otorrinolaringologia,CRM PA 19632,RQE 11174
pro_gs_0124,Simboli Centro Médico,Yasmin Melo,Ginecologia e Obstetrícia,CRM 15631,RQE 10176
pro_gs_0125,Simboli Centro Médico,Indiara Alencar,Fisioterapia Pélvica e Obstétrica,CREFITO 164545,
pro_gs_0126,Simboli Centro Médico,Júlia Martins,Nutrição,CRN PA 14945,
pro_gs_0127,Simboli Centro Médico,Nayana Mengoni,Fonoaudiologia,CRFa 90039,
pro_gs_0128,Simboli Centro Médico,Dennuza Luz,Fonoaudiologia,CRFa 910456,
pro_gs_0129,Clínica de Olhos Dra Deibi Oliveira,Deibi Oliveira,Oftalmologia,CRM 4816,
pro_gs_0130,Clínica de Olhos Dra Deibi Oliveira,Sebastião Oliveira Júnior,Pediatria,CRM 6296,
pro_gs_0131,Clínica de Olhos Dra Deibi Oliveira,Adriana Servantes de Oliveira,Pediatria,CRM 7142,
pro_gs_0132,Instituto Médico Vida,Panmela Santos,Nutrição,CRN 13363,
pro_gs_0133,Instituto Médico Vida,Vinicius Martins,Ginecologia ,CRM PA 6828,
pro_gs_0134,Instituto Médico Vida,Karol Sotelo,Coloproctologia,CRM SP 195396,
pro_gs_0135,Instituto Médico Vida,Fabiano Couto,Ortopedia,CRM PA 6858,
pro_gs_0136,Instituto Médico Vida,Ingrid Santos,Neuropediatria,CRM 19659,
pro_gs_0137,Laboratório Popular de Altamira,Viviane Monteiro,Dermatologia,CRM PA 10117,
pro_gs_0138,Laboratório Popular de Altamira,Vinicius Martins,Ginecologia ,CRM PA 6828,
pro_gs_0139,Laboratório Popular de Altamira,Thiago Leopoldino,Cardiologia,CRM PA 15682,RQE 10762
pro_gs_0140,Laboratório Popular de Altamira,Letícia Crestani,Alergologia/Imunologia,CRM PA 18017,
pro_gs_0141,Laboratório Popular de Altamira,Jéssica Barros,Clínica Geral,CRM PA 19491,
pro_gs_0142,Laboratório Popular de Altamira,Thiarlis Portela,Radiologia,CRM PA 13069,RQE 7136
pro_gs_0143,Laboratório Popular de Altamira,Tânia Pereira,Ginecologia,CRM PA 5173,
pro_gs_0144,Norte Vitta Clinica de Saúde Integrada,Sibelly Oliveira,Dermatologista,CRM 20051,
pro_gs_0145,Norte Vitta Clinica de Saúde Integrada,Ronivan Küll,Clinico Geral/Transplante Capilar,CRM PA 21075,
pro_gs_0146,Cardiolife,Patrick Lobato,Cardiologia,CRM PA 11113,RQE 6577