cod,local,endereco,contato,link,exames
gse01,Clínica Médica Maxxi Saúde,"Tv. Cel. Tancredo, 45",(93) 991801155,https://www.instagram.com/maxxi.saude/,sim
gse02,Clínica da Família,"Tv. Agrário Cavalcante, 370",(93) 991823767,https://www.instagram.com/clinicadafamilia_altamira/,sim
gse03,Viver Centro de Saúde,"R. Manoel Umbuzeiro, 1912",(93) 992453703,https://www.instagram.com/vivercentrodesaude/,sim
gse04,Pilar Clínica,"R. Manoel Umbuzeiro, 688",(93) 992228000,https://www.instagram.com/pilar_clinica/,nao
gse05,CDC Saúde,"Tv. Pedro Gomes, 1213",(93) 991492800 ,https://www.instagram.com/grupocdc_saude/?hl=pt,sim
gse06,ClinVida,"R. Cel. josé Porfírio, 2064",(93) 991808050,https://www.instagram.com/clinvidaatm,nao
gse07,Clínica Cemear Saúde,"Av. João Pessoa, 1482",(93) 992153649,https://www.instagram.com/ccemear/,nao
gse08,Clínica Ideally,"Av. João Rodrigues, 598",(93) 992167400,https://www.instagram.com/clinica.ideally/?hl=pt,nao
gse09,Policlinica Aso,"R. Otaviano Santos, 2087",(93) 991182424,https://www.instagram.com/asoaltamira/,sim
gse10,Clínica do Coração,"R. Cel. José Porfírio, 1258",(93) 991602266,https://www.instagram.com/clinicadocoracaoatm/,sim
gse11,Clínica Laboclin,"Av. João Rodrigues, 594",(93) 991884757,https://www.instagram.com/laboclinclinica/,sim
gse12,Diagmed,"Tv. Lindolfo Aranha, 339",(93) 992214828,https://www.instagram.com/diagmed_atm/,sim
gse13,Humani Clinica Especializada,"Tv. Pedro Gomes, 250",(93) 992255110,https://www.instagram.com/humaniclinica_altamira/,nao
gse14,Hospital Geral Altamira,R. 6,(93) 35152350,,
gse15,Clínica Orogastro Saúde,"Tv. Agrário Cavalcante, 776",(93) 991203400,https://www.instagram.com/clinicaorogastro/,sim
gse16,Climet Clinica de Medicina do Trabalho,"Tv. Agrário Cavalcante, 391",(93) 991181008,https://www.instagram.com/climetatm/,nao
gse17,Mais Saúde Diagnósticos,"Tv. Lindolfo Aranha, 499",(93) 991288673,https://www.instagram.com/maissaudeatm/,nao
gse18,Evoluir Centro Médico,"R. Mal. Rondon, 2170",(93) 991962002,https://www.instagram.com/evoluircentromedico/,nao
gse19,Clínica Acolher,"R. Anchieta, 2258",(93) 991981470,https://www.instagram.com/integraraltamira/,nao
gse20,Clínica de Olhos Dra Deibi Oliveira,R. 7 de Setembro,(93) 991511568,https://www.instagram.com/clinica_de_olhosdsm/,nao
gse21,Simboli Centro Médico,"R. Acesso 2, 386",(93) 991291921,https://www.instagram.com/simboli.centromedico/,nao
gse22,Instituto Médico Vida,Av. Brg. Eduardo Gomes,(93) 35157267,https://www.instagram.com/institutomedicovidaatm/,sim
gse23,LCA Clínica,"R. Anchieta, 1935",(93) 991633675,https://www.instagram.com/laboratoriolcaaltamira/,sim
gse24,Laboratório Popular de Altamira,"Av. Djalma Dutra, 2347",(93) 992217653,https://www.instagram.com/laboratoriopopularaltamira/?hl=pt-br,sim
gse25,Hospital Cirúrgico de Altamira,"Av. Brg. Eduardo Gomes, 1653",(93) 991657406,https://www.instagram.com/hospitalcirurgico.atm/,sim
gse26,Norte Vitta Clinica de Saúde Integrada,"R. Acesso 2, 679",(93) 992201617,https://www.instagram.com/norte_vitta/,sim
gse27,Cardiolife,,,https://www.instagram.com/cardiolifeatm/,nao