"codigo","exame","pagina","url_instrucao"
"GLIPOS","Glicose pos prandial","1","https://laboratoriolaboclin.com.br/instrucoes/view?id=GLIPOS"
"IND","Indice homa ir","1","https://laboratoriolaboclin.com.br/instrucoes/view?id=IND"
"COTIS","Nicotina serica","1","https://laboratoriolaboclin.com.br/instrucoes/view?id=COTIS"
"F262","Voltar anticorpos ige específico f262 berinjela","1","https://laboratoriolaboclin.com.br/instrucoes/view?id=F262"
"P17","17 alfa hidroxiprogesterona","1","https://laboratoriolaboclin.com.br/instrucoes/view?id=P17"
"17SAL","17 beta estradiol saliva","1","https://laboratoriolaboclin.com.br/instrucoes/view?id=17SAL"
"K17","17 cetosteróides 17 ks urina 24 horas","1","https://laboratoriolaboclin.com.br/instrucoes/view?id=K17"
"17OHPC","17 hidroxiprogesterona","1","https://laboratoriolaboclin.com.br/instrucoes/view?id=17OHPC"
"O17","17 oh corticosteróides","1","https://laboratoriolaboclin.com.br/instrucoes/view?id=O17"
"HEX","2 5 hexanodiona urinária","1","https://laboratoriolaboclin.com.br/instrucoes/view?id=HEX"
"3GL","3 alfa androstanediol glucoronide","1","https://laboratoriolaboclin.com.br/instrucoes/view?id=3GL"
"NUCLE","5 nucleotidase","1","https://laboratoriolaboclin.com.br/instrucoes/view?id=NUCLE"
"ACET","Acetilcolina anticorpos anti receptor","1","https://laboratoriolaboclin.com.br/instrucoes/view?id=ACET"
"ACESP","Acetilcolinesterase eritrocitária","1","https://laboratoriolaboclin.com.br/instrucoes/view?id=ACESP"
"ACETO","Acetona final de jornada de trabalho acetona final de jornada de trabalho acetona final de jornada de trabalho","1","https://laboratoriolaboclin.com.br/instrucoes/view?id=ACETO"
"ACI5","Ácido 5 hidroxi indol acético","1","https://laboratoriolaboclin.com.br/instrucoes/view?id=ACI5"
"ACD","Ácido delta amino levulínico ala u","1","https://laboratoriolaboclin.com.br/instrucoes/view?id=ACD"
"FOL","Acido fólico","1","https://laboratoriolaboclin.com.br/instrucoes/view?id=FOL"
"ACFE","Acido fólico eritrocitário","1","https://laboratoriolaboclin.com.br/instrucoes/view?id=ACFE"
"HIP","Ácido hipúrico","1","https://laboratoriolaboclin.com.br/instrucoes/view?id=HIP"
"AHV","Ácido homovanílico","2","https://laboratoriolaboclin.com.br/instrucoes/view?id=AHV"
"ALAC","Acido lático lactato","2","https://laboratoriolaboclin.com.br/instrucoes/view?id=ALAC"
"MANDE","Ácido mandélico urina final de jornada","2","https://laboratoriolaboclin.com.br/instrucoes/view?id=MANDE"
"MHIP","Ácido metil hipúrico","2","https://laboratoriolaboclin.com.br/instrucoes/view?id=MHIP"
"MALO","Ácido metilmalônico sérico","2","https://laboratoriolaboclin.com.br/instrucoes/view?id=MALO"
"AOX","Ácido oxálico oxalato","2","https://laboratoriolaboclin.com.br/instrucoes/view?id=AOX"
"TRAA","Ácido tras muconico urina final de jornada","2","https://laboratoriolaboclin.com.br/instrucoes/view?id=TRAA"
"AUR","Ácido úrico","2","https://laboratoriolaboclin.com.br/instrucoes/view?id=AUR"
"AUC","Ácido úrico canino","2","https://laboratoriolaboclin.com.br/instrucoes/view?id=AUC"
"AUREQUI","Ácido úrico equino","2","https://laboratoriolaboclin.com.br/instrucoes/view?id=AUREQUI"
"ACUR","Ácido úrico urinário amostra isolada","2","https://laboratoriolaboclin.com.br/instrucoes/view?id=ACUR"
"AURU","Ácido úrico urinário urina 24 horas","2","https://laboratoriolaboclin.com.br/instrucoes/view?id=AURU"
"VAL","Ácido valpróico","2","https://laboratoriolaboclin.com.br/instrucoes/view?id=VAL"
"ACVAL","Ácido valpróico","2","https://laboratoriolaboclin.com.br/instrucoes/view?id=ACVAL"
"AVMU","Ácido vanil mandélico amostra isolada","2","https://laboratoriolaboclin.com.br/instrucoes/view?id=AVMU"
"VMA","Ácido vanil mandélico urina 24 horas","2","https://laboratoriolaboclin.com.br/instrucoes/view?id=VMA"
"AORGAQ","Ácidos orgânicos estudo completo urina","2","https://laboratoriolaboclin.com.br/instrucoes/view?id=AORGAQ"
"ACILC","Acilcarnitinas perfil quantitativo","2","https://laboratoriolaboclin.com.br/instrucoes/view?id=ACILC"
"ACTH","Acth hormônio adrenocorticotrófico","2","https://laboratoriolaboclin.com.br/instrucoes/view?id=ACTH"
"ADA","Adenosina deaminase ada","2","https://laboratoriolaboclin.com.br/instrucoes/view?id=ADA"
"ADAL","Adenosina deaminase ada liquido pleural","3","https://laboratoriolaboclin.com.br/instrucoes/view?id=ADAL"
"ALB","Albumina","3","https://laboratoriolaboclin.com.br/instrucoes/view?id=ALB"
"alda","Aldolase","3","https://laboratoriolaboclin.com.br/instrucoes/view?id=alda"
"ALDO","Aldosterona","3","https://laboratoriolaboclin.com.br/instrucoes/view?id=ALDO"
"A1G","Alfa 1 glicoproteína ácida mucoproteinas","3","https://laboratoriolaboclin.com.br/instrucoes/view?id=A1G"
"AFP","Alfa fetoproteína afp","3","https://laboratoriolaboclin.com.br/instrucoes/view?id=AFP"
"AMILS","Amilase salivar","3","https://laboratoriolaboclin.com.br/instrucoes/view?id=AMILS"
"CRAM4","Aminoácidos em plasma cromatografia","3","https://laboratoriolaboclin.com.br/instrucoes/view?id=CRAM4"
"NH4","Amonia","3","https://laboratoriolaboclin.com.br/instrucoes/view?id=NH4"
"AMO","Amonia urina 24 h","3","https://laboratoriolaboclin.com.br/instrucoes/view?id=AMO"
"FVPCR","Análise mutações r506q h1299r y1702c fator v de leiden","3","https://laboratoriolaboclin.com.br/instrucoes/view?id=FVPCR"
"3AAGL","Androstanediol glucuronide 3 alfa diol","3","https://laboratoriolaboclin.com.br/instrucoes/view?id=3AAGL"
"AND","Androstenediona","3","https://laboratoriolaboclin.com.br/instrucoes/view?id=AND"
"BETA2","Anti beta2 glicoprotéina igg e igm","3","https://laboratoriolaboclin.com.br/instrucoes/view?id=BETA2"
"DNADP","Anti dna dupla hélice ou nativo","3","https://laboratoriolaboclin.com.br/instrucoes/view?id=DNADP"
"DNA","Anti dna hélice simples","3","https://laboratoriolaboclin.com.br/instrucoes/view?id=DNA"
"DNAB","Anti dnase b","3","https://laboratoriolaboclin.com.br/instrucoes/view?id=DNAB"
"ENA","Anti ena painel","3","https://laboratoriolaboclin.com.br/instrucoes/view?id=ENA"
"LKM","Anti lkm 1","3","https://laboratoriolaboclin.com.br/instrucoes/view?id=LKM"
"CLE","Anti nucleossomo células le","3","https://laboratoriolaboclin.com.br/instrucoes/view?id=CLE"
"PN23","Anti pneumococos 23 sorotipos","4","https://laboratoriolaboclin.com.br/instrucoes/view?id=PN23"
"ASCE","Anti saccharomyces cerevisiae iga e igg","4","https://laboratoriolaboclin.com.br/instrucoes/view?id=ASCE"
"COVIAN","Anti sars cov 2 anticorpos neutralizantes","4","https://laboratoriolaboclin.com.br/instrucoes/view?id=COVIAN"
"SCL","Anti scl 70","4","https://laboratoriolaboclin.com.br/instrucoes/view?id=SCL"
"SC70","Anti scl 70","4","https://laboratoriolaboclin.com.br/instrucoes/view?id=SC70"
"SINTE","Anti sintetase mi 2 ku pm100 pm75 jo1 srp pl7 pl12 ej oj","4","https://laboratoriolaboclin.com.br/instrucoes/view?id=SINTE"
"ATG","Anti tireoglobulina anticorpos atg","4","https://laboratoriolaboclin.com.br/instrucoes/view?id=ATG"
"AA7","Anti tireóide","4","https://laboratoriolaboclin.com.br/instrucoes/view?id=AA7"
"IGA","Anti transglutaminase iga","4","https://laboratoriolaboclin.com.br/instrucoes/view?id=IGA"
"ATB","Anti trombina iii","4","https://laboratoriolaboclin.com.br/instrucoes/view?id=ATB"
"ACIR","Anticoagulante circulante pesquisa","4","https://laboratoriolaboclin.com.br/instrucoes/view?id=ACIR"
"LUPI","Anticoagulante lúpico","4","https://laboratoriolaboclin.com.br/instrucoes/view?id=LUPI"
"AC1Q","Anticorpos anti c1q soro","4","https://laboratoriolaboclin.com.br/instrucoes/view?id=AC1Q"
"CEN","Anticorpos anti centrômero","4","https://laboratoriolaboclin.com.br/instrucoes/view?id=CEN"
"AACHI","Anticorpos anti chikungunya igg e igm","4","https://laboratoriolaboclin.com.br/instrucoes/view?id=AACHI"
"HIDAT","Anticorpos anti echinococcus granulosus hidatidose","4","https://laboratoriolaboclin.com.br/instrucoes/view?id=HIDAT"
"ANFO","Anticorpos anti fosfatidil serina","4","https://laboratoriolaboclin.com.br/instrucoes/view?id=ANFO"
"AGLG","Anticorpos anti gliadina iga","4","https://laboratoriolaboclin.com.br/instrucoes/view?id=AGLG"
"HISTP","Anticorpos anti histoplasma capsulatum","4","https://laboratoriolaboclin.com.br/instrucoes/view?id=HISTP"
"ATFOS","Anticorpos anti ia2 diabetes mellitus","4","https://laboratoriolaboclin.com.br/instrucoes/view?id=ATFOS"
"ICA","Anticorpos anti ilhota","5","https://laboratoriolaboclin.com.br/instrucoes/view?id=ICA"
"IAA","Anticorpos anti insulina","5","https://laboratoriolaboclin.com.br/instrucoes/view?id=IAA"
"MDA5","Anticorpos anti mda5 cadm140","5","https://laboratoriolaboclin.com.br/instrucoes/view?id=MDA5"
"PRO3","Anticorpos anti proteinase 3","5","https://laboratoriolaboclin.com.br/instrucoes/view?id=PRO3"
"AURIB","Anticorpos anti ribossomas","5","https://laboratoriolaboclin.com.br/instrucoes/view?id=AURIB"
"AMUSK","Anticorpos anti tiroquinase músculo específica anti musk","5","https://laboratoriolaboclin.com.br/instrucoes/view?id=AMUSK"
"IA2","Anticorpos anti tirosina fosfatase","5","https://laboratoriolaboclin.com.br/instrucoes/view?id=IA2"
"ANTIAQUA","Anticorpos antiaquaporina 4","5","https://laboratoriolaboclin.com.br/instrucoes/view?id=ANTIAQUA"
"ENAP","Anticorpos contra antígenos nucleares extraíveis ena","5","https://laboratoriolaboclin.com.br/instrucoes/view?id=ENAP"
"SERIA","Anticorpos iga anti fosfatidilserina","5","https://laboratoriolaboclin.com.br/instrucoes/view?id=SERIA"
"C232","Anticorpos ige específico c232 lidocaína","5","https://laboratoriolaboclin.com.br/instrucoes/view?id=C232"
"232","Anticorpos ige específico c232 lidocaína","5","https://laboratoriolaboclin.com.br/instrucoes/view?id=232"
"C285","Anticorpos ige específico c285 bupivacaina","5","https://laboratoriolaboclin.com.br/instrucoes/view?id=C285"
"C320","Anticorpos ige específico c320 acetilcisteina","5","https://laboratoriolaboclin.com.br/instrucoes/view?id=C320"
"C703","Anticorpos ige específico c703 ácido benzóico","5","https://laboratoriolaboclin.com.br/instrucoes/view?id=C703"
"F325","Anticorpos ige específico f325 leite de ovelha","5","https://laboratoriolaboclin.com.br/instrucoes/view?id=F325"
"F333","Anticorpos ige específico f333 linhaça linum usitatissimum","5","https://laboratoriolaboclin.com.br/instrucoes/view?id=F333"
"K81","Anticorpos ige específico k81 ocupacionais ficus sp.","5","https://laboratoriolaboclin.com.br/instrucoes/view?id=K81"
"COXSG","Anticorpos igg anti coxsackie a9","5","https://laboratoriolaboclin.com.br/instrucoes/view?id=COXSG"
"COXSAG","Anticorpos igg anti coxsackie b 1 6","5","https://laboratoriolaboclin.com.br/instrucoes/view?id=COXSAG"
"TUBG","Anticorpos igg anti mycobacterium tuberculosis","6","https://laboratoriolaboclin.com.br/instrucoes/view?id=TUBG"
"RICRICKE","Anticorpos igg anti rickettsia rickettsii febre maculosa","6","https://laboratoriolaboclin.com.br/instrucoes/view?id=RICRICKE"
"APNEU","Anticorpos igg anti sorotipos de pneumococos","6","https://laboratoriolaboclin.com.br/instrucoes/view?id=APNEU"
"COXSM","Anticorpos igm anti coxsackie a9","6","https://laboratoriolaboclin.com.br/instrucoes/view?id=COXSM"
"TUBM","Anticorpos igm anti mycobacterium tuberculosis","6","https://laboratoriolaboclin.com.br/instrucoes/view?id=TUBM"
"RICRICKM","Anticorpos igm anti rickettsia rickettsii febre maculosa","6","https://laboratoriolaboclin.com.br/instrucoes/view?id=RICRICKM"
"ZNT8","Anticorpos znt8 soro","6","https://laboratoriolaboclin.com.br/instrucoes/view?id=ZNT8"
"ATF","Antifungigrama teste de sensibilidade","6","https://laboratoriolaboclin.com.br/instrucoes/view?id=ATF"
"CA27","Antigeno ca 27.29 marcador tumoral","6","https://laboratoriolaboclin.com.br/instrucoes/view?id=CA27"
"PCRYS","Antígeno cryptococcus neoformans","6","https://laboratoriolaboclin.com.br/instrucoes/view?id=PCRYS"
"HE4","Antigeno he 4 marcador tumoral de ovario","6","https://laboratoriolaboclin.com.br/instrucoes/view?id=HE4"
"APA","Apolipoproteína a 1","6","https://laboratoriolaboclin.com.br/instrucoes/view?id=APA"
"APB","Apolipoproteína b","6","https://laboratoriolaboclin.com.br/instrucoes/view?id=APB"
"APOE","Apolipoproteína e","6","https://laboratoriolaboclin.com.br/instrucoes/view?id=APOE"
"ARSI","Arsênio urinário urinário início de jornada de trabalho","6","https://laboratoriolaboclin.com.br/instrucoes/view?id=ARSI"
"ASCA","Asca anti saccharomyces cerevisiae iga e igg","6","https://laboratoriolaboclin.com.br/instrucoes/view?id=ASCA"
"ASO","Aslo antiestreptolisina o","6","https://laboratoriolaboclin.com.br/instrucoes/view?id=ASO"
"ASPER","Aspergillus anticorpos","6","https://laboratoriolaboclin.com.br/instrucoes/view?id=ASPER"
"TGO","Ast aspartato aminotransferase tgo","6","https://laboratoriolaboclin.com.br/instrucoes/view?id=TGO"
"ASTEQUI","Ast tgo equino","6","https://laboratoriolaboclin.com.br/instrucoes/view?id=ASTEQUI"
"BIOTI","Atividade da biotinidase neonatal","7","https://laboratoriolaboclin.com.br/instrucoes/view?id=BIOTI"
"FVOWR","Atividade de cofator ristocetina do fator de von","7","https://laboratoriolaboclin.com.br/instrucoes/view?id=FVOWR"
"RISCOTRI","Avaliação de risco pré natal 1º trimestre papp a beta hcg","7","https://laboratoriolaboclin.com.br/instrucoes/view?id=RISCOTRI"
"BKC","Baar cultura","7","https://laboratoriolaboclin.com.br/instrucoes/view?id=BKC"
"CBA2","Baar cultura 2 amostras","7","https://laboratoriolaboclin.com.br/instrucoes/view?id=CBA2"
"BKP","Baar na escarro pesquisa","7","https://laboratoriolaboclin.com.br/instrucoes/view?id=BKP"
"BAR3","Baar na escarro pesquisa 3 amostras","7","https://laboratoriolaboclin.com.br/instrucoes/view?id=BAR3"
"BAARL","Baar na linfa pesquisa","7","https://laboratoriolaboclin.com.br/instrucoes/view?id=BAARL"
"BARP","Baar pesquisa","7","https://laboratoriolaboclin.com.br/instrucoes/view?id=BARP"
"PBAAR","Baar pesquisa","7","https://laboratoriolaboclin.com.br/instrucoes/view?id=PBAAR"
"BAC","Bacterioscopia","7","https://laboratoriolaboclin.com.br/instrucoes/view?id=BAC"
"BACLI","Bacterioscópico líquor","7","https://laboratoriolaboclin.com.br/instrucoes/view?id=BACLI"
"BACTL","Bacterioscópico lquido pleural","7","https://laboratoriolaboclin.com.br/instrucoes/view?id=BACTL"
"BACVA","Bacterioscópico vários materiais","7","https://laboratoriolaboclin.com.br/instrucoes/view?id=BACVA"
"BET2","Beta 2 microglobulina","7","https://laboratoriolaboclin.com.br/instrucoes/view?id=BET2"
"BETA","Beta caroteno","7","https://laboratoriolaboclin.com.br/instrucoes/view?id=BETA"
"HCGD","Beta hcg","7","https://laboratoriolaboclin.com.br/instrucoes/view?id=HCGD"
"HCGG","Beta hcg quantitativo","7","https://laboratoriolaboclin.com.br/instrucoes/view?id=HCGG"
"BHB","Beta hidroxibutirato bhb","7","https://laboratoriolaboclin.com.br/instrucoes/view?id=BHB"
"BIC","Bicarbonato soro","7","https://laboratoriolaboclin.com.br/instrucoes/view?id=BIC"
"BILDEQUI","Bilirrubina direta equino","8","https://laboratoriolaboclin.com.br/instrucoes/view?id=BILDEQUI"
"BILTEQUI","Bilirrubina total equino","8","https://laboratoriolaboclin.com.br/instrucoes/view?id=BILTEQUI"
"BIL","Bilirrubinas total e frações","8","https://laboratoriolaboclin.com.br/instrucoes/view?id=BIL"
"BILCAO","Bilirrubinas total e frações canina","8","https://laboratoriolaboclin.com.br/instrucoes/view?id=BILCAO"
"BILGAT","Bilirrubinas total e frações felina","8","https://laboratoriolaboclin.com.br/instrucoes/view?id=BILGAT"
"BIOQ","Bioquimica","8","https://laboratoriolaboclin.com.br/instrucoes/view?id=BIOQ"
"BIOPLA","Biotinidase plasma","8","https://laboratoriolaboclin.com.br/instrucoes/view?id=BIOPLA"
"BLA","Blastomicose pesquisa paracoccidioidomicose","8","https://laboratoriolaboclin.com.br/instrucoes/view?id=BLA"
"BNP","Bnp peptídeo natriurético","8","https://laboratoriolaboclin.com.br/instrucoes/view?id=BNP"
"BORG","Bordetella anticorpos igg","8","https://laboratoriolaboclin.com.br/instrucoes/view?id=BORG"
"LYMEG","Borrelia burgdorferi doença de lyme igg","8","https://laboratoriolaboclin.com.br/instrucoes/view?id=LYMEG"
"BRU","Brucelose igg anticorpos anti","8","https://laboratoriolaboclin.com.br/instrucoes/view?id=BRU"
"BRUM","Brucelose igm anticorpos anti","8","https://laboratoriolaboclin.com.br/instrucoes/view?id=BRUM"
"CC3","C3 complemento","8","https://laboratoriolaboclin.com.br/instrucoes/view?id=CC3"
"CC4","C4 complemento","8","https://laboratoriolaboclin.com.br/instrucoes/view?id=CC4"
"C12","Ca 125 ii","8","https://laboratoriolaboclin.com.br/instrucoes/view?id=C12"
"C15","Ca 15 3","8","https://laboratoriolaboclin.com.br/instrucoes/view?id=C15"
"C19","Ca 19 9","8","https://laboratoriolaboclin.com.br/instrucoes/view?id=C19"
"CADS","Cádmio sanguíneo","8","https://laboratoriolaboclin.com.br/instrucoes/view?id=CADS"
"CAD","Cádmio urinário final de jornada de trabalho","8","https://laboratoriolaboclin.com.br/instrucoes/view?id=CAD"
"CAL","Cálcio","9","https://laboratoriolaboclin.com.br/instrucoes/view?id=CAL"
"CALCA","Cálcio canino","9","https://laboratoriolaboclin.com.br/instrucoes/view?id=CALCA"
"CALEQ","Calcio equino","9","https://laboratoriolaboclin.com.br/instrucoes/view?id=CALEQ"
"CALGAT","Cálcio felino","9","https://laboratoriolaboclin.com.br/instrucoes/view?id=CALGAT"
"CALI","Cálcio iônico","9","https://laboratoriolaboclin.com.br/instrucoes/view?id=CALI"
"CALU","Cálcio urinário 24 horas","9","https://laboratoriolaboclin.com.br/instrucoes/view?id=CALU"
"CAUR","Cálcio urinário amostra isolada","9","https://laboratoriolaboclin.com.br/instrucoes/view?id=CAUR"
"CALCAO","Cálciocao","9","https://laboratoriolaboclin.com.br/instrucoes/view?id=CALCAO"
"CCT","Calcitonina","9","https://laboratoriolaboclin.com.br/instrucoes/view?id=CCT"
"CALPR","Calprotectina em fezes","9","https://laboratoriolaboclin.com.br/instrucoes/view?id=CALPR"
"CAN","Candida anticorpos igg","9","https://laboratoriolaboclin.com.br/instrucoes/view?id=CAN"
"CANM","Candida anticorpos igm","9","https://laboratoriolaboclin.com.br/instrucoes/view?id=CANM"
"CBZ","Carbamazepina","9","https://laboratoriolaboclin.com.br/instrucoes/view?id=CBZ"
"CAHB","Carboxihemoglobina","9","https://laboratoriolaboclin.com.br/instrucoes/view?id=CAHB"
"CARG","Cardiolipina anticorpos igg","9","https://laboratoriolaboclin.com.br/instrucoes/view?id=CARG"
"CARM","Cardiolipina anticorpos igm","9","https://laboratoriolaboclin.com.br/instrucoes/view?id=CARM"
"ciga","Cardiolipina iga anticorpos anti","9","https://laboratoriolaboclin.com.br/instrucoes/view?id=ciga"
"CMVQUA","Carga viral de citomegalovirus plasma","9","https://laboratoriolaboclin.com.br/instrucoes/view?id=CMVQUA"
"CAROTENO","Caroteno","9","https://laboratoriolaboclin.com.br/instrucoes/view?id=CAROTENO"
"CATEP","Catecolaminas plasmáticas","9","https://laboratoriolaboclin.com.br/instrucoes/view?id=CATEP"
"CER","Ceruloplasmina","10","https://laboratoriolaboclin.com.br/instrucoes/view?id=CER"
"CERUP","Ceruloplasmina","10","https://laboratoriolaboclin.com.br/instrucoes/view?id=CERUP"
"CHA","Chagas anticorpos igg elisa","10","https://laboratoriolaboclin.com.br/instrucoes/view?id=CHA"
"CHAG","Chagas anticorpos igg ifi","10","https://laboratoriolaboclin.com.br/instrucoes/view?id=CHAG"
"CHAHA","Chagas hemaglutinação","10","https://laboratoriolaboclin.com.br/instrucoes/view?id=CHAHA"
"CLAO","Chlamydia trachomatis igg anticorpos anti","10","https://laboratoriolaboclin.com.br/instrucoes/view?id=CLAO"
"CLAV","Chlamydia trachomatis igm anticorpos anti","10","https://laboratoriolaboclin.com.br/instrucoes/view?id=CLAV"
"CHU","Chumbo sanguíneo","10","https://laboratoriolaboclin.com.br/instrucoes/view?id=CHU"
"CHUU","Chumbo urinário início de jornada de trabalho","10","https://laboratoriolaboclin.com.br/instrucoes/view?id=CHUU"
"CISTC","Cistatina c","10","https://laboratoriolaboclin.com.br/instrucoes/view?id=CISTC"
"CISQT","Cistina quantitativa urina 24 horas","10","https://laboratoriolaboclin.com.br/instrucoes/view?id=CISQT"
"ANAT5","Citologia oncótica de liquidos","10","https://laboratoriolaboclin.com.br/instrucoes/view?id=ANAT5"
"CMVG","Citomegalovírus igg anticorpos anti","10","https://laboratoriolaboclin.com.br/instrucoes/view?id=CMVG"
"CMVM","Citomegalovírus igm anticorpos anti","10","https://laboratoriolaboclin.com.br/instrucoes/view?id=CMVM"
"CITRI","Citrato urinário amostra isolada","10","https://laboratoriolaboclin.com.br/instrucoes/view?id=CITRI"
"ACU","Citrato urinário urina 24 horas","10","https://laboratoriolaboclin.com.br/instrucoes/view?id=ACU"
"CK","Ck creatina fosfoquinase","10","https://laboratoriolaboclin.com.br/instrucoes/view?id=CK"
"CKCAO","Ck creatina fosfoquinase canino","10","https://laboratoriolaboclin.com.br/instrucoes/view?id=CKCAO"
"CCR","Clearence de creatinina","10","https://laboratoriolaboclin.com.br/instrucoes/view?id=CCR"
"CLEU","Clearence de uréia","10","https://laboratoriolaboclin.com.br/instrucoes/view?id=CLEU"
"CLOBA","Clobazam","11","https://laboratoriolaboclin.com.br/instrucoes/view?id=CLOBA"
"CLO","Cloro","11","https://laboratoriolaboclin.com.br/instrucoes/view?id=CLO"
"CLOROCAO","Cloro canino","11","https://laboratoriolaboclin.com.br/instrucoes/view?id=CLOROCAO"
"CLOFEL","Cloro felino","11","https://laboratoriolaboclin.com.br/instrucoes/view?id=CLOFEL"
"CLOU","Cloro urinário (urina 24 horas)","11","https://laboratoriolaboclin.com.br/instrucoes/view?id=CLOU"
"COA","Coagulograma","11","https://laboratoriolaboclin.com.br/instrucoes/view?id=COA"
"COBAL","Cobalto sérico","11","https://laboratoriolaboclin.com.br/instrucoes/view?id=COBAL"
"COBS","Cobre","11","https://laboratoriolaboclin.com.br/instrucoes/view?id=COBS"
"COENQ10","Coenzima q10","11","https://laboratoriolaboclin.com.br/instrucoes/view?id=COENQ10"
"HDL","Colesterol hdl","11","https://laboratoriolaboclin.com.br/instrucoes/view?id=HDL"
"HDLCAO","Colesterol hdl canino","11","https://laboratoriolaboclin.com.br/instrucoes/view?id=HDLCAO"
"LDL","Colesterol ldl","11","https://laboratoriolaboclin.com.br/instrucoes/view?id=LDL"
"COL","Colesterol total","11","https://laboratoriolaboclin.com.br/instrucoes/view?id=COL"
"COLCAO","Colesterol total canino","11","https://laboratoriolaboclin.com.br/instrucoes/view?id=COLCAO"
"CTOF","Colesterol total e frações","11","https://laboratoriolaboclin.com.br/instrucoes/view?id=CTOF"
"CTOFCAO","Colesterol total e frações canino","11","https://laboratoriolaboclin.com.br/instrucoes/view?id=CTOFCAO"
"COLEQUI","Colesterol total equino","11","https://laboratoriolaboclin.com.br/instrucoes/view?id=COLEQUI"
"COLGAT","Colesterol total felino","11","https://laboratoriolaboclin.com.br/instrucoes/view?id=COLGAT"
"COLOVI","Colesterol total ovina","11","https://laboratoriolaboclin.com.br/instrucoes/view?id=COLOVI"
"VLD","Colesterol vldl","11","https://laboratoriolaboclin.com.br/instrucoes/view?id=VLD"
"CNT","Colinesterase","12","https://laboratoriolaboclin.com.br/instrucoes/view?id=CNT"
"C1INIB","Complemento c1 esterase inibidor atividade","12","https://laboratoriolaboclin.com.br/instrucoes/view?id=C1INIB"
"C1Q","Complemento c1q","12","https://laboratoriolaboclin.com.br/instrucoes/view?id=C1Q"
"C1C","Complemento c1q","12","https://laboratoriolaboclin.com.br/instrucoes/view?id=C1C"
"C2F","Complemento c2","12","https://laboratoriolaboclin.com.br/instrucoes/view?id=C2F"
"C5F","Complemento c5","12","https://laboratoriolaboclin.com.br/instrucoes/view?id=C5F"
"COMC5","Complemento c5","12","https://laboratoriolaboclin.com.br/instrucoes/view?id=COMC5"
"CTI","Coombs direto","12","https://laboratoriolaboclin.com.br/instrucoes/view?id=CTI"
"CTII","Coombs indireto","12","https://laboratoriolaboclin.com.br/instrucoes/view?id=CTII"
"COOMBSQT","Coombs indireto quantitativo","12","https://laboratoriolaboclin.com.br/instrucoes/view?id=COOMBSQT"
"CTSL","Cortisol","12","https://laboratoriolaboclin.com.br/instrucoes/view?id=CTSL"
"CORTSAL","Cortisol salivar basal","12","https://laboratoriolaboclin.com.br/instrucoes/view?id=CORTSAL"
"CORSMAN","Cortisol salivar manhã","12","https://laboratoriolaboclin.com.br/instrucoes/view?id=CORSMAN"
"CS8","Cortisol salivar manhã por lc ms ms","12","https://laboratoriolaboclin.com.br/instrucoes/view?id=CS8"
"CORSNOIT","Cortisol salivar noite","12","https://laboratoriolaboclin.com.br/instrucoes/view?id=CORSNOIT"
"CORSTARD","Cortisol salivar tarde","12","https://laboratoriolaboclin.com.br/instrucoes/view?id=CORSTARD"
"CTSU","Cortisol urinário urina 24 horas","12","https://laboratoriolaboclin.com.br/instrucoes/view?id=CTSU"
"DIFTE","Corynebacterium diphtheriae anticorpos igg","12","https://laboratoriolaboclin.com.br/instrucoes/view?id=DIFTE"
"CREA","Creatinina","12","https://laboratoriolaboclin.com.br/instrucoes/view?id=CREA"
"CREABOV","Creatinina bovino","12","https://laboratoriolaboclin.com.br/instrucoes/view?id=CREABOV"
"CREACAO","Creatinina canina","13","https://laboratoriolaboclin.com.br/instrucoes/view?id=CREACAO"
"CREACAV","Creatinina equino","13","https://laboratoriolaboclin.com.br/instrucoes/view?id=CREACAV"
"CREAGAT","Creatinina felina","13","https://laboratoriolaboclin.com.br/instrucoes/view?id=CREAGAT"
"CREOVIN","Creatinina ovino","13","https://laboratoriolaboclin.com.br/instrucoes/view?id=CREOVIN"
"CREAU","Creatinina urinária amostra isolada","13","https://laboratoriolaboclin.com.br/instrucoes/view?id=CREAU"
"CREU","Creatinina urinária urina 24 horas","13","https://laboratoriolaboclin.com.br/instrucoes/view?id=CREU"
"CRI","Crioglobulinas pesquisa","13","https://laboratoriolaboclin.com.br/instrucoes/view?id=CRI"
"CROMU","Cromatografia de aminoacidos da urina","13","https://laboratoriolaboclin.com.br/instrucoes/view?id=CROMU"
"CROMS","Cromatografia de aminoacidos no sangue","13","https://laboratoriolaboclin.com.br/instrucoes/view?id=CROMS"
"CROMG","Cromatografia de glicídeos qualitativa, urina","13","https://laboratoriolaboclin.com.br/instrucoes/view?id=CROMG"
"CROS","Cromo serico","13","https://laboratoriolaboclin.com.br/instrucoes/view?id=CROS"
"CRO","Cromo urinario (início de jornada de trabalho)","13","https://laboratoriolaboclin.com.br/instrucoes/view?id=CRO"
"CRYPC","Cryptococcus neoformans pesquisa","13","https://laboratoriolaboclin.com.br/instrucoes/view?id=CRYPC"
"CULT","Cultura com contagem de colônias antibiograma","13","https://laboratoriolaboclin.com.br/instrucoes/view?id=CULT"
"CULIQ","Cultura e antibiograma líquor","13","https://laboratoriolaboclin.com.br/instrucoes/view?id=CULIQ"
"CULTF","Cultura fungos","13","https://laboratoriolaboclin.com.br/instrucoes/view?id=CULTF"
"CBAAR","Cultura para micobactéria baar","13","https://laboratoriolaboclin.com.br/instrucoes/view?id=CBAAR"
"CULTEGB","Cultura secreçao vaginal egb","13","https://laboratoriolaboclin.com.br/instrucoes/view?id=CULTEGB"
"EGB","Cultura streptococcus grupo b","13","https://laboratoriolaboclin.com.br/instrucoes/view?id=EGB"
"DHEASALI","Dehidroepiandrosterona dhea saliva","13","https://laboratoriolaboclin.com.br/instrucoes/view?id=DHEASALI"
"CLPCR","Detecção de chlamydia trachomatis","14","https://laboratoriolaboclin.com.br/instrucoes/view?id=CLPCR"
"HVCQL","Detecção de hcv pcr","14","https://laboratoriolaboclin.com.br/instrucoes/view?id=HVCQL"
"HERPCR","Detecção de herpes simplex tipo 1 e 2","14","https://laboratoriolaboclin.com.br/instrucoes/view?id=HERPCR"
"H1E2PCR","Detecção de herpes simplex tipo 1 e 2 pcr qualitativo","14","https://laboratoriolaboclin.com.br/instrucoes/view?id=H1E2PCR"
"HTLVPCR","Detecção de htlv i e ii","14","https://laboratoriolaboclin.com.br/instrucoes/view?id=HTLVPCR"
"MTPCR","Detecção de mycobacterium tuberculosis e resis a rifampicina","14","https://laboratoriolaboclin.com.br/instrucoes/view?id=MTPCR"
"NGPCR","Detecção de neisseria gonorrhoeae","14","https://laboratoriolaboclin.com.br/instrucoes/view?id=NGPCR"
"ANTIXA","Determinação da atividade anti fator x ativado","14","https://laboratoriolaboclin.com.br/instrucoes/view?id=ANTIXA"
"DHE","Dhea dehidroepiandrosterona","14","https://laboratoriolaboclin.com.br/instrucoes/view?id=DHE"
"DHT","Dihidrotestosterona dht","14","https://laboratoriolaboclin.com.br/instrucoes/view?id=DHT"
"DGF","Dosagem de gordura fecal quantificação","14","https://laboratoriolaboclin.com.br/instrucoes/view?id=DGF"
"LEVE","Dosagem levetiracetam","14","https://laboratoriolaboclin.com.br/instrucoes/view?id=LEVE"
"ELASP","Elastase pancreática fezes","14","https://laboratoriolaboclin.com.br/instrucoes/view?id=ELASP"
"EHG","Eletroforese de hemoglobinas","14","https://laboratoriolaboclin.com.br/instrucoes/view?id=EHG"
"EPR","Eletroforese de proteínas serica","14","https://laboratoriolaboclin.com.br/instrucoes/view?id=EPR"
"ELEU","Eletroforese de proteínas urina","14","https://laboratoriolaboclin.com.br/instrucoes/view?id=ELEU"
"ELEU24","Eletroforese de proteínas urina 24 horas","14","https://laboratoriolaboclin.com.br/instrucoes/view?id=ELEU24"
"NSE","Enolase neurônio específica","14","https://laboratoriolaboclin.com.br/instrucoes/view?id=NSE"
"EBG","Epstein barr igg anticorpos anti vca","14","https://laboratoriolaboclin.com.br/instrucoes/view?id=EBG"
"EBM","Epstein barr igm anticorpos anti vca","14","https://laboratoriolaboclin.com.br/instrucoes/view?id=EBM"
"EPO","Eritropoietina dosagem","15","https://laboratoriolaboclin.com.br/instrucoes/view?id=EPO"
"ESPERCUL","Espermocultura","15","https://laboratoriolaboclin.com.br/instrucoes/view?id=ESPERCUL"
"ESP","Espermograma","15","https://laboratoriolaboclin.com.br/instrucoes/view?id=ESP"
"ESQG","Esquistossomose igg sorologia","15","https://laboratoriolaboclin.com.br/instrucoes/view?id=ESQG"
"EE2","Estradiol e2","15","https://laboratoriolaboclin.com.br/instrucoes/view?id=EE2"
"E2NQ","Estradiol ultrassensível lc ms ms","15","https://laboratoriolaboclin.com.br/instrucoes/view?id=E2NQ"
"EE3","Estriol e3","15","https://laboratoriolaboclin.com.br/instrucoes/view?id=EE3"
"EE1","Estrona e1","15","https://laboratoriolaboclin.com.br/instrucoes/view?id=EE1"
"ETA","Etanol- urinario","15","https://laboratoriolaboclin.com.br/instrucoes/view?id=ETA"
"FAN","Fan fator antinuclear","15","https://laboratoriolaboclin.com.br/instrucoes/view?id=FAN"
"LAT","Fator reumatóide","15","https://laboratoriolaboclin.com.br/instrucoes/view?id=LAT"
"FRC","Fator reumatóide canino","15","https://laboratoriolaboclin.com.br/instrucoes/view?id=FRC"
"FA7","Fator vii","15","https://laboratoriolaboclin.com.br/instrucoes/view?id=FA7"
"F5X","Fator x","15","https://laboratoriolaboclin.com.br/instrucoes/view?id=F5X"
"FXII","Fator xii","15","https://laboratoriolaboclin.com.br/instrucoes/view?id=FXII"
"FENOCAN","Fenobarbital canino","15","https://laboratoriolaboclin.com.br/instrucoes/view?id=FENOCAN"
"FNTB","Fenotipagem para populações linfocitárias","15","https://laboratoriolaboclin.com.br/instrucoes/view?id=FNTB"
"FET","Ferritina","15","https://laboratoriolaboclin.com.br/instrucoes/view?id=FET"
"FER","Ferro sérico","15","https://laboratoriolaboclin.com.br/instrucoes/view?id=FER"
"FERCAO","Ferro sérico canino","15","https://laboratoriolaboclin.com.br/instrucoes/view?id=FERCAO"
"FILA","Filariose sorologia","16","https://laboratoriolaboclin.com.br/instrucoes/view?id=FILA"
"SANGOCUL","Fit sangue oculto pesquisa com anticorpos monoclonais","16","https://laboratoriolaboclin.com.br/instrucoes/view?id=SANGOCUL"
"FLUOR","Fluor - fluoreto","16","https://laboratoriolaboclin.com.br/instrucoes/view?id=FLUOR"
"FLUOI","Fluoretos ( urinárina inicio de jornada )","16","https://laboratoriolaboclin.com.br/instrucoes/view?id=FLUOI"
"GRA","Fluxograma","16","https://laboratoriolaboclin.com.br/instrucoes/view?id=GRA"
"FAL","Fosfatase alcalina","16","https://laboratoriolaboclin.com.br/instrucoes/view?id=FAL"
"FALBOV","Fosfatase alcalina bovino","16","https://laboratoriolaboclin.com.br/instrucoes/view?id=FALBOV"
"FALCAO","Fosfatase alcalina canina","16","https://laboratoriolaboclin.com.br/instrucoes/view?id=FALCAO"
"FALCAV","Fosfatase alcalina equino","16","https://laboratoriolaboclin.com.br/instrucoes/view?id=FALCAV"
"FALGAT","Fosfatase alcalina felina","16","https://laboratoriolaboclin.com.br/instrucoes/view?id=FALGAT"
"fosfaovi","Fosfatase alcalina ovino","16","https://laboratoriolaboclin.com.br/instrucoes/view?id=fosfaovi"
"FOSFETAN","Fosfatidiletanolamina igg igm e iga","16","https://laboratoriolaboclin.com.br/instrucoes/view?id=FOSFETAN"
"FOS","Fósforo","16","https://laboratoriolaboclin.com.br/instrucoes/view?id=FOS"
"FOSCAO","Fósforo canino","16","https://laboratoriolaboclin.com.br/instrucoes/view?id=FOSCAO"
"FOSEQUI","Fósforo equino","16","https://laboratoriolaboclin.com.br/instrucoes/view?id=FOSEQUI"
"FOSU","Fósforo urinário urina 24 horas","16","https://laboratoriolaboclin.com.br/instrucoes/view?id=FOSU"
"FRT","Frutosamina","16","https://laboratoriolaboclin.com.br/instrucoes/view?id=FRT"
"FSH","Fsh hormônio folículo estimulante","16","https://laboratoriolaboclin.com.br/instrucoes/view?id=FSH"
"ALPHAGAL","Galactose alpha 1 3 galactose alpha gal ige","16","https://laboratoriolaboclin.com.br/instrucoes/view?id=ALPHAGAL"
"GAMAI","Gama interferon igra tuberculose","16","https://laboratoriolaboclin.com.br/instrucoes/view?id=GAMAI"
"GASTR","Gastrina","17","https://laboratoriolaboclin.com.br/instrucoes/view?id=GASTR"
"GENB","Genera basic","17","https://laboratoriolaboclin.com.br/instrucoes/view?id=GENB"
"GENP","Genera premium","17","https://laboratoriolaboclin.com.br/instrucoes/view?id=GENP"
"GENS","Genera standard","17","https://laboratoriolaboclin.com.br/instrucoes/view?id=GENS"
"GGT","Ggt gama glutamil transferase","17","https://laboratoriolaboclin.com.br/instrucoes/view?id=GGT"
"GGTBO","Ggt gama glutamil transferase bovina","17","https://laboratoriolaboclin.com.br/instrucoes/view?id=GGTBO"
"GGTCAO","Ggt gama glutamil transferase canina","17","https://laboratoriolaboclin.com.br/instrucoes/view?id=GGTCAO"
"GGTCAV","Ggt gama glutamil transferase equino","17","https://laboratoriolaboclin.com.br/instrucoes/view?id=GGTCAV"
"GGTGAT","Ggt gama glutamil transferase felina","17","https://laboratoriolaboclin.com.br/instrucoes/view?id=GGTGAT"
"GLI","Glicose","17","https://laboratoriolaboclin.com.br/instrucoes/view?id=GLI"
"GLIBOV","Glicose bovino","17","https://laboratoriolaboclin.com.br/instrucoes/view?id=GLIBOV"
"GLICAO","Glicose canina","17","https://laboratoriolaboclin.com.br/instrucoes/view?id=GLICAO"
"GLICAV","Glicose equino","17","https://laboratoriolaboclin.com.br/instrucoes/view?id=GLICAV"
"GLIGAT","Glicose felina","17","https://laboratoriolaboclin.com.br/instrucoes/view?id=GLIGAT"
"GLIOVI","Glicose ovino","17","https://laboratoriolaboclin.com.br/instrucoes/view?id=GLIOVI"
"TBG","Globulina ligadora de tiroxina","17","https://laboratoriolaboclin.com.br/instrucoes/view?id=TBG"
"GLU","Glucagon dosagen","17","https://laboratoriolaboclin.com.br/instrucoes/view?id=GLU"
"GLDH","Glutamato desidrogenase","17","https://laboratoriolaboclin.com.br/instrucoes/view?id=GLDH"
"GFP","Gordura fecal ácido graxos pesquisa","17","https://laboratoriolaboclin.com.br/instrucoes/view?id=GFP"
"ABO","Grupo sanguíneo e fator rh","17","https://laboratoriolaboclin.com.br/instrucoes/view?id=ABO"
"CAMO","Haemophilus ducreyi pesquisa cancro mole","18","https://laboratoriolaboclin.com.br/instrucoes/view?id=CAMO"
"HAPT","Haptoglobina","18","https://laboratoriolaboclin.com.br/instrucoes/view?id=HAPT"
"HCGL","Hcg gonadotrofina coriônica fração beta livre","18","https://laboratoriolaboclin.com.br/instrucoes/view?id=HCGL"
"HPF","Helicobacter pylori antígeno fezes","18","https://laboratoriolaboclin.com.br/instrucoes/view?id=HPF"
"HELI","Helicobacter pylori igg anticorpos anti","18","https://laboratoriolaboclin.com.br/instrucoes/view?id=HELI"
"HELM","Helicobacter pylori igm anticorpos anti","18","https://laboratoriolaboclin.com.br/instrucoes/view?id=HELM"
"HEMAT","Hematologia","18","https://laboratoriolaboclin.com.br/instrucoes/view?id=HEMAT"
"DHEG","Hemoglobina glicada","18","https://laboratoriolaboclin.com.br/instrucoes/view?id=DHEG"
"DHEGCAO","Hemoglobina glicada canina","18","https://laboratoriolaboclin.com.br/instrucoes/view?id=DHEGCAO"
"DHEGFEL","Hemoglobina glicada felina","18","https://laboratoriolaboclin.com.br/instrucoes/view?id=DHEGFEL"
"HEM","Hemograma completo","18","https://laboratoriolaboclin.com.br/instrucoes/view?id=HEM"
"HEMOEAS","Hemossiderina","18","https://laboratoriolaboclin.com.br/instrucoes/view?id=HEMOEAS"
"HVAG","Hepatite a anti hva igg","18","https://laboratoriolaboclin.com.br/instrucoes/view?id=HVAG"
"HVAM","Hepatite a anti hva igm","18","https://laboratoriolaboclin.com.br/instrucoes/view?id=HVAM"
"HBCG","Hepatite b anti hbc total igg igm","18","https://laboratoriolaboclin.com.br/instrucoes/view?id=HBCG"
"AAU","Hepatite b hbsag antígeno austrália","18","https://laboratoriolaboclin.com.br/instrucoes/view?id=AAU"
"HVC","Hepatite c anti hcv","18","https://laboratoriolaboclin.com.br/instrucoes/view?id=HVC"
"HCVQ","Hepatite c detecção por pcr","18","https://laboratoriolaboclin.com.br/instrucoes/view?id=HCVQ"
"HDVAG","Hepatite d anticorpos igg","18","https://laboratoriolaboclin.com.br/instrucoes/view?id=HDVAG"
"HEPDM","Hepatite d anticorpos igm","18","https://laboratoriolaboclin.com.br/instrucoes/view?id=HEPDM"
"HDT","Hepatite d hdv anticorpos t voltar hepatite d hdv anticorpos totais voltar hepatite d hdv anticorpos totais","19","https://laboratoriolaboclin.com.br/instrucoes/view?id=HDT"
"HDELTA","Hepatite d vírus hdv rna carga viral","19","https://laboratoriolaboclin.com.br/instrucoes/view?id=HDELTA"
"HEV","Hepatite e anti hev igg","19","https://laboratoriolaboclin.com.br/instrucoes/view?id=HEV"
"HEVM","Hepatite e anti hev igm","19","https://laboratoriolaboclin.com.br/instrucoes/view?id=HEVM"
"HERPG","Herpes simples anticorpos anti igg","19","https://laboratoriolaboclin.com.br/instrucoes/view?id=HERPG"
"HERPM","Herpes simples anticorpos anti igm","19","https://laboratoriolaboclin.com.br/instrucoes/view?id=HERPM"
"VH12","Herpes simplex vírus 1 2 hsv 1 2 quantitativo","19","https://laboratoriolaboclin.com.br/instrucoes/view?id=VH12"
"HEZG","Herpes zoster igg anticorpos anti","19","https://laboratoriolaboclin.com.br/instrucoes/view?id=HEZG"
"HEZM","Herpes zoster igm anticorpos anti","19","https://laboratoriolaboclin.com.br/instrucoes/view?id=HEZM"
"HGH","Hgh hormônio do crescimento","19","https://laboratoriolaboclin.com.br/instrucoes/view?id=HGH"
"HISTAMIN","Histamina","19","https://laboratoriolaboclin.com.br/instrucoes/view?id=HISTAMIN"
"HIVE","Hiv 1 e 2 anticorpos","19","https://laboratoriolaboclin.com.br/instrucoes/view?id=HIVE"
"HOMO","Homocisteína","19","https://laboratoriolaboclin.com.br/instrucoes/view?id=HOMO"
"AHM","Hormônio anti mulleriano","19","https://laboratoriolaboclin.com.br/instrucoes/view?id=AHM"
"HGHCURVA","Hormônio do crescimento humano hgh curva","19","https://laboratoriolaboclin.com.br/instrucoes/view?id=HGHCURVA"
"HTLV","Htlv i ii anticorpos anti","19","https://laboratoriolaboclin.com.br/instrucoes/view?id=HTLV"
"IMUA","Iga imunoglobulina a","19","https://laboratoriolaboclin.com.br/instrucoes/view?id=IMUA"
"C712","Ige esp c712 drogas sulfito sódico","19","https://laboratoriolaboclin.com.br/instrucoes/view?id=C712"
"F202","Ige esp f202 alimentos castanha de caju","19","https://laboratoriolaboclin.com.br/instrucoes/view?id=F202"
"F280","Ige esp f279 alimentos pimenta preta","19","https://laboratoriolaboclin.com.br/instrucoes/view?id=F280"
"F279","Ige esp f279 pimenta do chile","20","https://laboratoriolaboclin.com.br/instrucoes/view?id=F279"
"F287","Ige esp f287 alimentos feijão vermelho","20","https://laboratoriolaboclin.com.br/instrucoes/view?id=F287"
"F293","Ige esp f293 alimentos mamão","20","https://laboratoriolaboclin.com.br/instrucoes/view?id=F293"
"F84","Ige esp f294 alimentos kiwi","20","https://laboratoriolaboclin.com.br/instrucoes/view?id=F84"
"F294","Ige esp f294 alimentos maracujá","20","https://laboratoriolaboclin.com.br/instrucoes/view?id=F294"
"F329","Ige esp f329 alimentos melancia","20","https://laboratoriolaboclin.com.br/instrucoes/view?id=F329"
"PF75","Ige esp rastf75 alimentos gema de ovo","20","https://laboratoriolaboclin.com.br/instrucoes/view?id=PF75"
"T70","Ige esp t70 pólens de árvores amoreira branca","20","https://laboratoriolaboclin.com.br/instrucoes/view?id=T70"
"TX7","Ige esp tx7 pólens de árvores 7","20","https://laboratoriolaboclin.com.br/instrucoes/view?id=TX7"
"F82","Ige específico alimentos queijo","20","https://laboratoriolaboclin.com.br/instrucoes/view?id=F82"
"F15","Ige específico f15 alimentos feijão branco","20","https://laboratoriolaboclin.com.br/instrucoes/view?id=F15"
"f208","Ige específico f208 alimentos limao","20","https://laboratoriolaboclin.com.br/instrucoes/view?id=f208"
"F210","Ige específico f210 alimentos abacaxi","20","https://laboratoriolaboclin.com.br/instrucoes/view?id=F210"
"F231","Ige específico f231 alimentos leite fervido","20","https://laboratoriolaboclin.com.br/instrucoes/view?id=F231"
"F232","Ige específico f232 alimentos ovo albumina","20","https://laboratoriolaboclin.com.br/instrucoes/view?id=F232"
"F233","Ige específico f233 alimentos ovomucóide","20","https://laboratoriolaboclin.com.br/instrucoes/view?id=F233"
"RAAJ","Ige específico f25 alimentos tomate","20","https://laboratoriolaboclin.com.br/instrucoes/view?id=RAAJ"
"F259","Ige específico f259 alimentos uva","20","https://laboratoriolaboclin.com.br/instrucoes/view?id=F259"
"F269","Ige específico f269 manjericão","20","https://laboratoriolaboclin.com.br/instrucoes/view?id=F269"
"F75","Ige específico f3 alimentos peixe bacalhau","20","https://laboratoriolaboclin.com.br/instrucoes/view?id=F75"
"F319","Ige específico f319 alimentos beterraba","21","https://laboratoriolaboclin.com.br/instrucoes/view?id=F319"
"LARANJA","Ige específico f33 alimentos laranja","21","https://laboratoriolaboclin.com.br/instrucoes/view?id=LARANJA"
"F331","Ige específico f331 açafrao","21","https://laboratoriolaboclin.com.br/instrucoes/view?id=F331"
"F44","Ige específico f44 alimentos morango","21","https://laboratoriolaboclin.com.br/instrucoes/view?id=F44"
"F48","Ige específico f48 alimentos cebola","21","https://laboratoriolaboclin.com.br/instrucoes/view?id=F48"
"MACA","Ige específico f49 alimentos maçã","21","https://laboratoriolaboclin.com.br/instrucoes/view?id=MACA"
"F89","Ige específico f89 alimentos mostarda","21","https://laboratoriolaboclin.com.br/instrucoes/view?id=F89"
"PERA","Ige específico f94 alimentos pera","21","https://laboratoriolaboclin.com.br/instrucoes/view?id=PERA"
"H2","Ige específico h2 pó de casa hollister stier","21","https://laboratoriolaboclin.com.br/instrucoes/view?id=H2"
"K76","Ige específico k76 ocupacionais isocianato mdi","21","https://laboratoriolaboclin.com.br/instrucoes/view?id=K76"
"M5","Ige específico m5 fungos candida albicans","21","https://laboratoriolaboclin.com.br/instrucoes/view?id=M5"
"M6","Ige específico m6 fungos a. alternata","21","https://laboratoriolaboclin.com.br/instrucoes/view?id=M6"
"ARP","Ige específico rastd1 ácaros d. pteronyssinus","21","https://laboratoriolaboclin.com.br/instrucoes/view?id=ARP"
"D2","Ige específico rastd2 ácaros dermatophafoides farinae","21","https://laboratoriolaboclin.com.br/instrucoes/view?id=D2"
"D201","Ige específico rastd201 ácaros blomia tropicalis","21","https://laboratoriolaboclin.com.br/instrucoes/view?id=D201"
"F1","Ige específico rastf1 alimentos clara do ovo","21","https://laboratoriolaboclin.com.br/instrucoes/view?id=F1"
"F2","Ige específico rastf2 alimentos leite","21","https://laboratoriolaboclin.com.br/instrucoes/view?id=F2"
"F245","Ige específico rastf245 alimentos ovo","21","https://laboratoriolaboclin.com.br/instrucoes/view?id=F245"
"INA","Ige especificol ip6 inalantes","21","https://laboratoriolaboclin.com.br/instrucoes/view?id=INA"
"F220","Ige painel (f220) - alimentos -canela","21","https://laboratoriolaboclin.com.br/instrucoes/view?id=F220"
"F85","Ige painel (f85) - alimentos -aipo","22","https://laboratoriolaboclin.com.br/instrucoes/view?id=F85"
"F47","Ige painel f47 alimentos alho","22","https://laboratoriolaboclin.com.br/instrucoes/view?id=F47"
"F7","Ige painel f7 alimentos aveia","22","https://laboratoriolaboclin.com.br/instrucoes/view?id=F7"
"F86","Ige painel f86 alimentos salsa","22","https://laboratoriolaboclin.com.br/instrucoes/view?id=F86"
"PTX7","Ige painel tx7 árvores","22","https://laboratoriolaboclin.com.br/instrucoes/view?id=PTX7"
"WX5","Ige painel wx5 ervas","22","https://laboratoriolaboclin.com.br/instrucoes/view?id=WX5"
"IGE","Ige total imunoglobulina e","22","https://laboratoriolaboclin.com.br/instrucoes/view?id=IGE"
"IGG1","Igg 1 subclasse de igg","22","https://laboratoriolaboclin.com.br/instrucoes/view?id=IGG1"
"IGG2","Igg 2 subclasse de igg","22","https://laboratoriolaboclin.com.br/instrucoes/view?id=IGG2"
"IGG3","Igg 3 subclasse de igg","22","https://laboratoriolaboclin.com.br/instrucoes/view?id=IGG3"
"IGG4","Igg 4 subclasse de igg","22","https://laboratoriolaboclin.com.br/instrucoes/view?id=IGG4"
"IGG","Igg imunoglobulina g","22","https://laboratoriolaboclin.com.br/instrucoes/view?id=IGG"
"IGM","Igm imunoglobulina m","22","https://laboratoriolaboclin.com.br/instrucoes/view?id=IGM"
"IMUNOU","Imunoeletroforese de proteína urinário","22","https://laboratoriolaboclin.com.br/instrucoes/view?id=IMUNOU"
"CD20","Imunofenotipagem para linfócitos b cd20","22","https://laboratoriolaboclin.com.br/instrucoes/view?id=CD20"
"LINF","Imunofenotipagem para linfócitos t cd3 subpopulação cd4 cd8","22","https://laboratoriolaboclin.com.br/instrucoes/view?id=LINF"
"IMUHE","Imunofenotipagem sangue total edta","22","https://laboratoriolaboclin.com.br/instrucoes/view?id=IMUHE"
"IGAS","Imunoglobulina a iga secretora","22","https://laboratoriolaboclin.com.br/instrucoes/view?id=IGAS"
"IAS","Imunoglobulina a iga secretora","22","https://laboratoriolaboclin.com.br/instrucoes/view?id=IAS"
"IST","Índice de saturação da transferrina","22","https://laboratoriolaboclin.com.br/instrucoes/view?id=IST"
"INIBF8","Inibidor do fator viii","23","https://laboratoriolaboclin.com.br/instrucoes/view?id=INIBF8"
"INS","Insulina","23","https://laboratoriolaboclin.com.br/instrucoes/view?id=INS"
"INSLIVRE","Insulina livre","23","https://laboratoriolaboclin.com.br/instrucoes/view?id=INSLIVRE"
"INSC","Insulina pós prandial","23","https://laboratoriolaboclin.com.br/instrucoes/view?id=INSC"
"INTER1","Interleucina 1 beta il 1beta","23","https://laboratoriolaboclin.com.br/instrucoes/view?id=INTER1"
"IL10","Interleucina 10 il 10","23","https://laboratoriolaboclin.com.br/instrucoes/view?id=IL10"
"INT12","Interleucina 12","23","https://laboratoriolaboclin.com.br/instrucoes/view?id=INT12"
"INTER2","Interleucina 2 il 2","23","https://laboratoriolaboclin.com.br/instrucoes/view?id=INTER2"
"INTER4","Interleucina 4","23","https://laboratoriolaboclin.com.br/instrucoes/view?id=INTER4"
"IL6","Interleucina 6","23","https://laboratoriolaboclin.com.br/instrucoes/view?id=IL6"
"IODOU","Iodo urinario","23","https://laboratoriolaboclin.com.br/instrucoes/view?id=IODOU"
"JO1","Jo1 anticorpos anti","23","https://laboratoriolaboclin.com.br/instrucoes/view?id=JO1"
"LACF","Lactoferrina fezes","23","https://laboratoriolaboclin.com.br/instrucoes/view?id=LACF"
"LDH","Ldh lactato desidrogenase","23","https://laboratoriolaboclin.com.br/instrucoes/view?id=LDH"
"LDHCAO","Ldh lactato desidrogenase canino","23","https://laboratoriolaboclin.com.br/instrucoes/view?id=LDHCAO"
"LDLO","Ldl oxidada - anticorpos","23","https://laboratoriolaboclin.com.br/instrucoes/view?id=LDLO"
"LES","Le pesquisa de auto anticorpos","23","https://laboratoriolaboclin.com.br/instrucoes/view?id=LES"
"LEISM","Leishmania anticorpos igm ifi","23","https://laboratoriolaboclin.com.br/instrucoes/view?id=LEISM"
"LEISG","Leishmania antígeno igm ifi","23","https://laboratoriolaboclin.com.br/instrucoes/view?id=LEISG"
"LESV","Leishmaniose visceral","23","https://laboratoriolaboclin.com.br/instrucoes/view?id=LESV"
"LEPT","Leptina","24","https://laboratoriolaboclin.com.br/instrucoes/view?id=LEPT"
"LH","Lh hormônio luteinizante","24","https://laboratoriolaboclin.com.br/instrucoes/view?id=LH"
"CD3","Linfócitos t cd3","24","https://laboratoriolaboclin.com.br/instrucoes/view?id=CD3"
"LIP","Lipase","24","https://laboratoriolaboclin.com.br/instrucoes/view?id=LIP"
"LPA","Lipoproteína lp a","24","https://laboratoriolaboclin.com.br/instrucoes/view?id=LPA"
"PLEUR","Liquido pleural rotina voltar liquido pleural rotina voltar painel ngs para leucodistrofia","24","https://laboratoriolaboclin.com.br/instrucoes/view?id=PLEUR"
"ROTLA","Líquido sinovial - pesquisa","24","https://laboratoriolaboclin.com.br/instrucoes/view?id=ROTLA"
"LIT","Lítio","24","https://laboratoriolaboclin.com.br/instrucoes/view?id=LIT"
"PLT","Macroprolactina","24","https://laboratoriolaboclin.com.br/instrucoes/view?id=PLT"
"MAG","Magnésio","24","https://laboratoriolaboclin.com.br/instrucoes/view?id=MAG"
"MAGNER","Magnésio eritrocitário","24","https://laboratoriolaboclin.com.br/instrucoes/view?id=MAGNER"
"MDA","Malondialdeído lpo","24","https://laboratoriolaboclin.com.br/instrucoes/view?id=MDA"
"MGN","Manganês","24","https://laboratoriolaboclin.com.br/instrucoes/view?id=MGN"
"MGNU","Manganês urinario","24","https://laboratoriolaboclin.com.br/instrucoes/view?id=MGNU"
"MELANUR","Melanina urina","24","https://laboratoriolaboclin.com.br/instrucoes/view?id=MELANUR"
"MELATS","Melatonina salivar","24","https://laboratoriolaboclin.com.br/instrucoes/view?id=MELATS"
"METIL","Metil etil cetona urinária","24","https://laboratoriolaboclin.com.br/instrucoes/view?id=METIL"
"MIC","Micologico direto pesquisa","24","https://laboratoriolaboclin.com.br/instrucoes/view?id=MIC"
"MICAO","Micologico direto raspado canino","24","https://laboratoriolaboclin.com.br/instrucoes/view?id=MICAO"
"MICEQUI","Micologico direto raspado equino","24","https://laboratoriolaboclin.com.br/instrucoes/view?id=MICEQUI"
"MICC","Microalbuminúria amostra isolada","25","https://laboratoriolaboclin.com.br/instrucoes/view?id=MICC"
"MICR","Microalbuminúria urina 24 horas","25","https://laboratoriolaboclin.com.br/instrucoes/view?id=MICR"
"MLAB","Microbioma intestinal","25","https://laboratoriolaboclin.com.br/instrucoes/view?id=MLAB"
"PCDY","Microdeleções cromossomo y azfa azfb azfc","25","https://laboratoriolaboclin.com.br/instrucoes/view?id=PCDY"
"MIELO","Mieloperoxidase p anca c anca antiperoxidase","25","https://laboratoriolaboclin.com.br/instrucoes/view?id=MIELO"
"MOG","Mog mielina oligodendrocito glicoproteina anticorpos soro","25","https://laboratoriolaboclin.com.br/instrucoes/view?id=MOG"
"MUC","Mucoproteínas alfa 1 glicoproteína ácida","25","https://laboratoriolaboclin.com.br/instrucoes/view?id=MUC"
"osmuri","Osmolalidade urina","25","https://laboratoriolaboclin.com.br/instrucoes/view?id=osmuri"
"OSM","Osmolalidade urina 24 horas","25","https://laboratoriolaboclin.com.br/instrucoes/view?id=OSM"
"OSTEO","Osteocalcina","25","https://laboratoriolaboclin.com.br/instrucoes/view?id=OSTEO"
"OXA24","Oxalato ácido oxálico","25","https://laboratoriolaboclin.com.br/instrucoes/view?id=OXA24"
"PEEN","Painel ampliado para epilepsia","25","https://laboratoriolaboclin.com.br/instrucoes/view?id=PEEN"
"PPHC","Painel farmacogenético completo pharmone","25","https://laboratoriolaboclin.com.br/instrucoes/view?id=PPHC"
"MIEC","Painel ngs neoplasias mielóides e síndrome mielodisplásica","25","https://laboratoriolaboclin.com.br/instrucoes/view?id=MIEC"
"PGDE","Painel ngs para displasias esqueléticas","25","https://laboratoriolaboclin.com.br/instrucoes/view?id=PGDE"
"SDMM","Painel ngs para distrofia muscular miopatia e miastenia","25","https://laboratoriolaboclin.com.br/instrucoes/view?id=SDMM"
"MAOV","Painel para câncer de mama ovário hereditário com cnv","25","https://laboratoriolaboclin.com.br/instrucoes/view?id=MAOV"
"CAHE","Painel para câncer hereditário com cnv","25","https://laboratoriolaboclin.com.br/instrucoes/view?id=CAHE"
"PDST","Painel para doenças sexualmente transmissíveis","25","https://laboratoriolaboclin.com.br/instrucoes/view?id=PDST"
"4PVR","Painel pcr para influenzas a e b vírus sincicial e sars cov 2","25","https://laboratoriolaboclin.com.br/instrucoes/view?id=4PVR"
"THPV","Papilomavírus humano hpv genotipagem","26","https://laboratoriolaboclin.com.br/instrucoes/view?id=THPV"
"PMIF","Parasitológico de fezes mif","26","https://laboratoriolaboclin.com.br/instrucoes/view?id=PMIF"
"PARV19","Parvovírus b 19 anticorpos igg e igm","26","https://laboratoriolaboclin.com.br/instrucoes/view?id=PARV19"
"PCCU1","Pccu","26","https://laboratoriolaboclin.com.br/instrucoes/view?id=PCCU1"
"PCCU","Pccu papanicolau citopatológico","26","https://laboratoriolaboclin.com.br/instrucoes/view?id=PCCU"
"PAPA","Pccumunicipio","26","https://laboratoriolaboclin.com.br/instrucoes/view?id=PAPA"
"PCR","Pcr proteina c reativa","26","https://laboratoriolaboclin.com.br/instrucoes/view?id=PCR"
"PEPI","Peptídeo c","26","https://laboratoriolaboclin.com.br/instrucoes/view?id=PEPI"
"PERF","Perfil lipídico","26","https://laboratoriolaboclin.com.br/instrucoes/view?id=PERF"
"LEIV","Pesquisa da mutação r506q fator v de leiden","26","https://laboratoriolaboclin.com.br/instrucoes/view?id=LEIV"
"JAK2","Pesquisa de detecção da mutação v617f no gene jak 2 sangue","26","https://laboratoriolaboclin.com.br/instrucoes/view?id=JAK2"
"PESQF","Pesquisa de fungos voltar pesquisa de fungos","26","https://laboratoriolaboclin.com.br/instrucoes/view?id=PESQF"
"OXI","Pesquisa de oxiúrus enterobius vermiculares","26","https://laboratoriolaboclin.com.br/instrucoes/view?id=OXI"
"INDICAN","Pesquisa indican teste de disbiose","26","https://laboratoriolaboclin.com.br/instrucoes/view?id=INDICAN"
"INDICA","Pesquisa indican teste de disbiose","26","https://laboratoriolaboclin.com.br/instrucoes/view?id=INDICA"
"TOLUIDIN","Pesquisa para mucopolissacarídeos azul de toluidina","26","https://laboratoriolaboclin.com.br/instrucoes/view?id=TOLUIDIN"
"PHEAS","Ph urinario -eas","26","https://laboratoriolaboclin.com.br/instrucoes/view?id=PHEAS"
"POLI","Polissonografia","26","https://laboratoriolaboclin.com.br/instrucoes/view?id=POLI"
"PORF","Porfobilinogênio pesquisa","26","https://laboratoriolaboclin.com.br/instrucoes/view?id=PORF"
"POT","Potássio","26","https://laboratoriolaboclin.com.br/instrucoes/view?id=POT"
"POTCAO","Potássio canino","27","https://laboratoriolaboclin.com.br/instrucoes/view?id=POTCAO"
"POTEQ","Potassio equino","27","https://laboratoriolaboclin.com.br/instrucoes/view?id=POTEQ"
"POTGAT","Potássio felino","27","https://laboratoriolaboclin.com.br/instrucoes/view?id=POTGAT"
"KU","Potássio urinário amostra isolada","27","https://laboratoriolaboclin.com.br/instrucoes/view?id=KU"
"CREINA","Pre calicreína plasma","27","https://laboratoriolaboclin.com.br/instrucoes/view?id=CREINA"
"PREGNE","Pregnenolona","27","https://laboratoriolaboclin.com.br/instrucoes/view?id=PREGNE"
"PROCT","Pró calcitonina","27","https://laboratoriolaboclin.com.br/instrucoes/view?id=PROCT"
"PROB","Probnp peptídeo natriurético cerebral n terminal","27","https://laboratoriolaboclin.com.br/instrucoes/view?id=PROB"
"PRG","Progesterona","27","https://laboratoriolaboclin.com.br/instrucoes/view?id=PRG"
"PRGCAN","Progesterona canina","27","https://laboratoriolaboclin.com.br/instrucoes/view?id=PRGCAN"
"PROGS","Progesterona saliva","27","https://laboratoriolaboclin.com.br/instrucoes/view?id=PROGS"
"prolac","Prolactina","27","https://laboratoriolaboclin.com.br/instrucoes/view?id=prolac"
"PAPP","Proteína a plasmática associada à gravidez papp","27","https://laboratoriolaboclin.com.br/instrucoes/view?id=PAPP"
"ECP","Proteina cationica eosinofilica ecp soro tnf alfa caquetina","27","https://laboratoriolaboclin.com.br/instrucoes/view?id=ECP"
"S100","Proteina s 100 s 100 beta","27","https://laboratoriolaboclin.com.br/instrucoes/view?id=S100"
"PTSA","Proteína s antigênica","27","https://laboratoriolaboclin.com.br/instrucoes/view?id=PTSA"
"PCS","Proteina s funcional","27","https://laboratoriolaboclin.com.br/instrucoes/view?id=PCS"
"PTSL","Proteina s livre","27","https://laboratoriolaboclin.com.br/instrucoes/view?id=PTSL"
"PFR","Proteína transportadora de retinol","27","https://laboratoriolaboclin.com.br/instrucoes/view?id=PFR"
"PTU","Proteína urinária amostra isolada","27","https://laboratoriolaboclin.com.br/instrucoes/view?id=PTU"
"P12","Proteína urinária urina 24 horas","28","https://laboratoriolaboclin.com.br/instrucoes/view?id=P12"
"CPCC","Prova coprológica funcional","28","https://laboratoriolaboclin.com.br/instrucoes/view?id=CPCC"
"PSAT","Psa total livre","28","https://laboratoriolaboclin.com.br/instrucoes/view?id=PSAT"
"SOP","Pso pesquisa de sangue oculto nas fezes","28","https://laboratoriolaboclin.com.br/instrucoes/view?id=SOP"
"PTH","Pth paratormônio","28","https://laboratoriolaboclin.com.br/instrucoes/view?id=PTH"
"RAPA","Rapamicina sirolimus dosagem","28","https://laboratoriolaboclin.com.br/instrucoes/view?id=RAPA"
"RASP","Raspado direto pesquisa de leishmaniose","28","https://laboratoriolaboclin.com.br/instrucoes/view?id=RASP"
"RETRAN","Receptor solúvel da transferrina","28","https://laboratoriolaboclin.com.br/instrucoes/view?id=RETRAN"
"RCP","Relação proteína creatinina em urina","28","https://laboratoriolaboclin.com.br/instrucoes/view?id=RCP"
"RPTCR","Relação proteína creatinina urinária","28","https://laboratoriolaboclin.com.br/instrucoes/view?id=RPTCR"
"RENI","Renina","28","https://laboratoriolaboclin.com.br/instrucoes/view?id=RENI"
"REAT","Renina atividade","28","https://laboratoriolaboclin.com.br/instrucoes/view?id=REAT"
"RES","Resistência a proteína c ativada rpca","28","https://laboratoriolaboclin.com.br/instrucoes/view?id=RES"
"RET","Reticulócitos contagem","28","https://laboratoriolaboclin.com.br/instrucoes/view?id=RET"
"RISP","Risperidona","28","https://laboratoriolaboclin.com.br/instrucoes/view?id=RISP"
"RUBAV","Rubéola avidez anticorpos igg","28","https://laboratoriolaboclin.com.br/instrucoes/view?id=RUBAV"
"RUBG","Rubéola igg anticorpos anti","28","https://laboratoriolaboclin.com.br/instrucoes/view?id=RUBG"
"RUBM","Rubéola igm anticorpos anti","28","https://laboratoriolaboclin.com.br/instrucoes/view?id=RUBM"
"SOCULTO","Sangue oculto pesquisa com anticorpos monoclonais alvaro","28","https://laboratoriolaboclin.com.br/instrucoes/view?id=SOCULTO"
"DHES","Sdhea sulfato de dehidroepiandrosterona","28","https://laboratoriolaboclin.com.br/instrucoes/view?id=DHES"
"EXOMA","Sequenciamento do exoma completo","29","https://laboratoriolaboclin.com.br/instrucoes/view?id=EXOMA"
"BIOS","Sequenciamento ngs do gene btd","29","https://laboratoriolaboclin.com.br/instrucoes/view?id=BIOS"
"NGS","Sequenciamento ngs genes brca1 e brca2 com análise cnv","29","https://laboratoriolaboclin.com.br/instrucoes/view?id=NGS"
"SERO","Serotonina","29","https://laboratoriolaboclin.com.br/instrucoes/view?id=SERO"
"SEXFETO","Sexagem fetal amostra materna","29","https://laboratoriolaboclin.com.br/instrucoes/view?id=SEXFETO"
"AHBG","Shbg globulina ligadora de hormônios sexuais","29","https://laboratoriolaboclin.com.br/instrucoes/view?id=AHBG"
"ASM","Sm anticorpos anti","29","https://laboratoriolaboclin.com.br/instrucoes/view?id=ASM"
"SNP","Snp array cgh array","29","https://laboratoriolaboclin.com.br/instrucoes/view?id=SNP"
"SOD","Sódio","29","https://laboratoriolaboclin.com.br/instrucoes/view?id=SOD"
"SODCAO","Sódio canino","29","https://laboratoriolaboclin.com.br/instrucoes/view?id=SODCAO"
"SODGAT","Sódio felino","29","https://laboratoriolaboclin.com.br/instrucoes/view?id=SODGAT"
"SODIA","Sódio urinário amostra isolada","29","https://laboratoriolaboclin.com.br/instrucoes/view?id=SODIA"
"SOMA","Somatomedina c igf 1","29","https://laboratoriolaboclin.com.br/instrucoes/view?id=SOMA"
"COVG","Sorologia para covid 19 anticorpos igg","29","https://laboratoriolaboclin.com.br/instrucoes/view?id=COVG"
"COVT","Sorologia para covid 19 anticorpos totais igm igg","29","https://laboratoriolaboclin.com.br/instrucoes/view?id=COVT"
"COVET","Sorologia para covid 19 iga igg anticorpos totais","29","https://laboratoriolaboclin.com.br/instrucoes/view?id=COVET"
"ESPORO","Sorologia para esporotricose","29","https://laboratoriolaboclin.com.br/instrucoes/view?id=ESPORO"
"SSA","Ss a ro anticorpos anti","29","https://laboratoriolaboclin.com.br/instrucoes/view?id=SSA"
"SSB","Ss b la anticorpos anti","29","https://laboratoriolaboclin.com.br/instrucoes/view?id=SSB"
"SCH","Subclasses de igg humana","29","https://laboratoriolaboclin.com.br/instrucoes/view?id=SCH"
"SRP","Substâncias redutoras pesquisa","30","https://laboratoriolaboclin.com.br/instrucoes/view?id=SRP"
"T3L","T3 livre","30","https://laboratoriolaboclin.com.br/instrucoes/view?id=T3L"
"T3T","T3 total","30","https://laboratoriolaboclin.com.br/instrucoes/view?id=T3T"
"T4L","T4 livre","30","https://laboratoriolaboclin.com.br/instrucoes/view?id=T4L"
"T4X","T4 total","30","https://laboratoriolaboclin.com.br/instrucoes/view?id=T4X"
"CTX","Telopeptídeo c terminal ctx","30","https://laboratoriolaboclin.com.br/instrucoes/view?id=CTX"
"TELC","Telopeptídeo cross links ntx","30","https://laboratoriolaboclin.com.br/instrucoes/view?id=TELC"
"TELHFSH","Teste de estímulo do lh e fsh após lhrh","30","https://laboratoriolaboclin.com.br/instrucoes/view?id=TELHFSH"
"A216","Teste de intolerância alimentar pesquisa 216 alimentos","30","https://laboratoriolaboclin.com.br/instrucoes/view?id=A216"
"LACT","Teste de tolerancia a lactose 50g","30","https://laboratoriolaboclin.com.br/instrucoes/view?id=LACT"
"TTAL","Teste molecular de tolerância a lactose gene mcm6","30","https://laboratoriolaboclin.com.br/instrucoes/view?id=TTAL"
"COVIN","Teste para detecção de antígenos covid 19 ag e influenza a b","30","https://laboratoriolaboclin.com.br/instrucoes/view?id=COVIN"
"CO19","Teste para detecção de coronavírus sars cov 2","30","https://laboratoriolaboclin.com.br/instrucoes/view?id=CO19"
"COV19","Teste rápido para detecção de coronavírus sars cov 2","30","https://laboratoriolaboclin.com.br/instrucoes/view?id=COV19"
"TESTB","Testosterona biodisponivel","30","https://laboratoriolaboclin.com.br/instrucoes/view?id=TESTB"
"TESTD","Testosterona com diluição","30","https://laboratoriolaboclin.com.br/instrucoes/view?id=TESTD"
"TTL","Testosterona livre","30","https://laboratoriolaboclin.com.br/instrucoes/view?id=TTL"
"TESTOSA","Testosterona livre saliva","30","https://laboratoriolaboclin.com.br/instrucoes/view?id=TESTOSA"
"TTT","Testosterona total","30","https://laboratoriolaboclin.com.br/instrucoes/view?id=TTT"
"TETA","Tétano anticorpos igg","30","https://laboratoriolaboclin.com.br/instrucoes/view?id=TETA"
"HTG","Tireoglobulina com índice de recuperaçao","31","https://laboratoriolaboclin.com.br/instrucoes/view?id=HTG"
"HTGG","Tireoglobulina dosagem","31","https://laboratoriolaboclin.com.br/instrucoes/view?id=HTGG"
"AVIDET","Toxoplasmose avidez anticorpos igg","31","https://laboratoriolaboclin.com.br/instrucoes/view?id=AVIDET"
"TOXI","Toxoplasmose igg cmia","31","https://laboratoriolaboclin.com.br/instrucoes/view?id=TOXI"
"TOX","Toxoplasmose igm cmia","31","https://laboratoriolaboclin.com.br/instrucoes/view?id=TOX"
"TRAB","Trab anticorpo anti receptor de tsh","31","https://laboratoriolaboclin.com.br/instrucoes/view?id=TRAB"
"TRF","Transferrina","31","https://laboratoriolaboclin.com.br/instrucoes/view?id=TRF"
"TRIAU","Triagem mínima para erros inatos do metabolismo","31","https://laboratoriolaboclin.com.br/instrucoes/view?id=TRIAU"
"TRCC","Triciclicos sanguineos-dosagem","31","https://laboratoriolaboclin.com.br/instrucoes/view?id=TRCC"
"TCC","Triclorocompostos totais","31","https://laboratoriolaboclin.com.br/instrucoes/view?id=TCC"
"TRIC","Tricograma direto","31","https://laboratoriolaboclin.com.br/instrucoes/view?id=TRIC"
"TRI","Triglicerídeos","31","https://laboratoriolaboclin.com.br/instrucoes/view?id=TRI"
"TRICAO","Triglicerídeos canino","31","https://laboratoriolaboclin.com.br/instrucoes/view?id=TRICAO"
"TRIGAT","Triglicerídeos felino","31","https://laboratoriolaboclin.com.br/instrucoes/view?id=TRIGAT"
"TROT","Troponina t","31","https://laboratoriolaboclin.com.br/instrucoes/view?id=TROT"
"TRIPZ","Trypanosoma cruzi - pesquisa","31","https://laboratoriolaboclin.com.br/instrucoes/view?id=TRIPZ"
"TSH","Tsh hormônio tireoestimulante ultrasensível","31","https://laboratoriolaboclin.com.br/instrucoes/view?id=TSH"
"URE","Uréia","31","https://laboratoriolaboclin.com.br/instrucoes/view?id=URE"
"UREBOV","Uréia bovino","31","https://laboratoriolaboclin.com.br/instrucoes/view?id=UREBOV"
"URECAO","Uréia canina","31","https://laboratoriolaboclin.com.br/instrucoes/view?id=URECAO"
"UREQUINO","Uréia equino","32","https://laboratoriolaboclin.com.br/instrucoes/view?id=UREQUINO"
"UREGAT","Uréia felina","32","https://laboratoriolaboclin.com.br/instrucoes/view?id=UREGAT"
"URECAV","Uréia ovino","32","https://laboratoriolaboclin.com.br/instrucoes/view?id=URECAV"
"UREU","Uréia urinária urina 24 horas","32","https://laboratoriolaboclin.com.br/instrucoes/view?id=UREU"
"EAS3","Urina (eas) -3 amostras","32","https://laboratoriolaboclin.com.br/instrucoes/view?id=EAS3"
"EAS","Urina eas","32","https://laboratoriolaboclin.com.br/instrucoes/view?id=EAS"
"EASCAO","Urina eas cão","32","https://laboratoriolaboclin.com.br/instrucoes/view?id=EASCAO"
"EASEQUI","Urina eas equino","32","https://laboratoriolaboclin.com.br/instrucoes/view?id=EASEQUI"
"EASGAT","Urina eas gato","32","https://laboratoriolaboclin.com.br/instrucoes/view?id=EASGAT"
"UROT","Urocultura com contagem de colônias antibiograma","32","https://laboratoriolaboclin.com.br/instrucoes/view?id=UROT"
"UROCAO","Urocultura com contagem de colônias antibiograma","32","https://laboratoriolaboclin.com.br/instrucoes/view?id=UROCAO"
"UROGAT","Urocultura com contagem de colônias antibiograma felina","32","https://laboratoriolaboclin.com.br/instrucoes/view?id=UROGAT"
"UROP","Uroporfirina-pesquisa","32","https://laboratoriolaboclin.com.br/instrucoes/view?id=UROP"
"VDG","Vdrl gestante","32","https://laboratoriolaboclin.com.br/instrucoes/view?id=VDG"
"LVDRL","Vdrl líquor","32","https://laboratoriolaboclin.com.br/instrucoes/view?id=LVDRL"
"VDR","Vdrl lues","32","https://laboratoriolaboclin.com.br/instrucoes/view?id=VDR"
"VHS1","Vhs velocidade de hemossedimentação","32","https://laboratoriolaboclin.com.br/instrucoes/view?id=VHS1"
"VITAA","Vitamina a","32","https://laboratoriolaboclin.com.br/instrucoes/view?id=VITAA"
"B12","Vitamina b12","32","https://laboratoriolaboclin.com.br/instrucoes/view?id=B12"
"VITAB2","Vitamina b2","32","https://laboratoriolaboclin.com.br/instrucoes/view?id=VITAB2"
"VITB3","Vitamina b3 nicotinamida","33","https://laboratoriolaboclin.com.br/instrucoes/view?id=VITB3"
"VIT5","Vitamina b5 ácido pantotênico","33","https://laboratoriolaboclin.com.br/instrucoes/view?id=VIT5"
"AAS","Vitamina c ácido ascórbico","33","https://laboratoriolaboclin.com.br/instrucoes/view?id=AAS"
"VITAD1","Vitamina d 1 25 dihidroxi","33","https://laboratoriolaboclin.com.br/instrucoes/view?id=VITAD1"
"VITD","Vitamina d 25 hidroxi","33","https://laboratoriolaboclin.com.br/instrucoes/view?id=VITD"
"VITAE","Vitamina e","33","https://laboratoriolaboclin.com.br/instrucoes/view?id=VITAE"
"VITA8","Vitamina h b7 b8 biotina","33","https://laboratoriolaboclin.com.br/instrucoes/view?id=VITA8"
"VTK","Vitamina k","33","https://laboratoriolaboclin.com.br/instrucoes/view?id=VTK"
"WRO","Waaler rose","33","https://laboratoriolaboclin.com.br/instrucoes/view?id=WRO"
"ZINC","Zinco","33","https://laboratoriolaboclin.com.br/instrucoes/view?id=ZINC"
"ZCE","Zinco eritrocitário","33","https://laboratoriolaboclin.com.br/instrucoes/view?id=ZCE"
